date,press,author,title,content,images_url,link,keyword
2004-06-14,한겨레,박중언,"일본 지방의료, 의사‘수혈’ 못해 비명","요즘 일본에서 새로 뜨는 업종 가운데 하나가 의사와 병원을 이어주는 의사중개업이다. 위계질서가 뚜렷한 대학병원을 떠나 좀더 자유로운 근무환경과 나은 대우를 원하는 의사와 의사 구하기에 혈안이 돼 있는 지방병원이 실수요자다.◇ 치솟는 의사 몸값=일본 전역에서 의사 중개업체 30곳 정도가 영업 중이다. 이들 업체는 양쪽의 대리인 구실을 하면서 연봉과 부대조건 등을 맞춰보고 계약이 성립되면 병원으로부터 의사 연봉의 10~20%를 수수료로 받는다. 수수료는 해마다 1.5배 정도로 증가하는 추세에 있다. 업계 선두주자인 ‘링크스탭’의 지난해 수입은 10억엔(약 100억원)에 이른다. 이 업체 관계자는 현재 몇천억엔 규모로 시장이 팽창하고 있다고 말했다.홋카이도에 본사를 둔 ‘캐리어브레인’은 지난해 매출이 2억8천만엔으로, 5년 사이에 7배나 늘었다. 그동안 약 300명의 전직을 중개했다. 교섭은 항상 의사 쪽이 주도권을 잡고 있다. 의사를 구하지 못해 폐업 위기까지 몰리고 있는 지방병원이 훨씬 다급한 처지이기 때문이다.의사 중개업 매출 치솟아젊은 의사들은 시골로 옮겨갈수록 훨씬 많은 연봉을 요구한다. 도쿄 도내라면 의사의 몸값이 1200만엔 정도이지만, 센다이와 같은 지방 중심도시면 1500만엔, 작은 도시로 가면 2천만엔 이상으로 뛴다. 사정이 매우 열악한 홋카이도의 한 공립병원은 연봉 2600만엔까지는 지방의회의 승인을 받아냈지만, 의사 쪽이 3천만엔을 요구하는 바람에 계약을 포기했다. 너무 거액이어서 세금을 내야 할 주민들을 납득시킬 수 없다는 이유에서다.◇ 지방병원의 악순환=지방병원들이 이렇게 의사 부족에 시달리는 데는 먼저 심각한 의사의 지역 편중 현상이 자리잡고 있다. 일본 지자체병원협의회가 지난해 3월 공립병원을 대상으로 조사한 결과, 의사충족률(병상 대비)이 103%로 나타났다. 절대 부족은 아닌 셈이다. 그런데 지역별로는 도쿄·요코하마 등이 132%인 반면, 홋카이도 76%, 도호쿠 84% 등 대도시권에서 멀리 떨어진 지역은 70~80%대에 그쳤다. 2002년 후생노동성 조사에선 도호쿠·홋카이도 지역의 병원 가운데 의료법에 규정된 의사 정수를 채운 곳이 52%(전국 평균 72%)에 지나지 않았다.의사 편중은 진료과목 간에도 현저하게 나타나 의사 부족 현상을 더욱 두드러지게 한다. 의대생들이 대표적인 기피 업종으로 꼽는 소아과나 출산 관련 소송이 잦은 산부인과, 내과, 마취과 등에 특히 집중돼 있다.지난 4월부터 새로 의대를 졸업하는 의사에게 2년 동안 임상 연수를 의무화하는 제도가 시행된 것도 불난 데 기름을 부은 격이 됐다. 특히 지방병원들은 지방의대로부터 의사들을 파견받아 의사 부족을 메워왔는데 연수 의무화로 파견 가능한 의사가 크게 줄어버렸다.더욱이 의사가 부족한 곳일수록 근무하는 의사의 진료부담이 급증할 수밖에 없어 떠나려는 의사가 더 많아지는 악순환이 진행되고 있다. 미야기현의 한 군에선 한 명뿐이던 소아과 상근의가 대기 환자가 언제나 늘어서 있는 것을 견디다 못해 지난해 9월 다른 곳으로 가 개업한 뒤 아직도 보충이 되지 않고 있는 상태다.〈아사히신문〉이 최근 887개 지자체 병원을 대상으로 설문조사를 한 결과, 의사를 구하지 못해 진료과목을 없애거나 장기 휴진한 병원이 52곳에 이르렀다. 지방의료 체계가 빈사상태로 몰리고 있는 것이다.1983년부터 의사 수를 억제한 정책의 영향도 적지 않다. 목표 수준이던 인구 10만명당 의사 150명이 달성된 직후 일본 정부는 국립대 의대 입학정원을 단계적으로 줄였다. 84년 4580명이던 입학정원은 지난해 4090명으로 떨어졌다. 의사가 늘면 진료비 부담이 오히려 늘어난다는 의료계의 주장이 받아들여진 것이다. 그러나 의사 쪽은 의사의 수가 문제가 아니라 무계획적으로 병원을 마구 설립한 지자체의 탓이 크다고 지적한다.이런 의사 부족은 각종 의료계 비리의 토양이 돼 왔다. 지방병원 원장이나 사무장이 지방의대로부터 의사를 파견받기 위해 의대 간부들에게 기부 명목으로 정기적으로 상납하거나 향응을 제공하는 사례가 끊이지 않는다. 의대 쪽이 지방병원 의사들의 인사를 좌우하는 일도 벌어진다. 의사 머릿수를 채우지 못하자 의대 대학원생의 명의만 빌려 상근의로 등록해 놓고, 의사 수 부족에 따른 진료보수 삭감을 피하는 위법행위도 비일비재하다.의사 수급과정 비리 부르기도◇ 묘안 짜내기=지방의료 체계가 허물어지고, 구조적 비리도 끊이지 않자 대책 마련을 요구하는 목소리도 높다. 최우선 과제는 지방병원 근무의를 늘리는 묘안을 짜내는 것이다.후쿠시마현립 의대는 입시제도를 바꿔, 올해 현지 출신 수험생 7명을 특별전형으로 뽑았다. 이른바 ‘지역쿼터제’다. 현내 학생이라면 의사가 되더라도 그곳에 남을 확률이 높을 것이라는 기대에서다. 애초 일정 기간 현내 근무를 조건으로 내거는 방안도 검토했으나 강제는 곤란하다는 판단에서 보류했다. 지역쿼터제에 대해서도 형평에 어긋난다는 비판이 나오지만 지방병원의 다급한 사정을 생각하면 어쩔 수 없다고 대학 관계자는 말했다.좀더 근본적으로 중소 지방병원들을 통폐합하는 방안도 추진되고 있으나, 병원이 없어지는 지자체 쪽의 반발로 좀체 진척이 이뤄지지 않고 있다. 후쿠시마현립 의대가 정부에 입학정원 증가를 요청하는 등 지방의대 증원 논의도 본격화하고 있다. 의대생들에게 장학금을 주는 대신 일정 기간 지방근무를 의무화하는 방안도 검토 중이다.지자체들이 지방병원 근무에 각종 인센티브도 내거는 사례도 있지만 그다지 성과가 좋지는 않다. 후쿠시마현은 벽지 근무를 희망하는 의사에게 3년마다 1년씩 현립대에서 연구할 기회와 연구비를 제공하겠다는 광고를 냈으나 응모는커녕 문의조차 해오는 사람도 없었다.나가사키현은 현내 31개 공립진료소에서 결원이 생기면 의사를 파견하는 ‘의사 은행’을 만들겠다는 계획을 세우고 의사 모집을 시도했다. 주요 일간지 구인란에 게재하고, 나가사키시와 도쿄도내에서 설명회를 열고, 전국의 의사 1만2천명에서 다이렉트메일도 보냈다. 근무 1년 반마다 6개월 연수의 특전을 내걸어 겨우 1명을 건졌을 뿐이다.도쿄/박중언 특파원 parkje@hani.co.kr",,,일본 지방 의료 의사 수혈 비명 일본 뜨다 업종 가운데 의사 병원 의사 중개업 위계질서 대학 병원 떠나다 자유 근무 환경 대우 원 의사 의사 구하다 혈안 지방 병원 실수요자 의사 몸값 일본 전역 의사 중개 업체 곳 정도 영업 업체 양쪽 대리인 구실 연봉 부대조건 맞추다 계약 성립 병원 의사 연봉 수수료 수수료 배 정도 증가 추세 업계 선두 주자 링크 스탭 지난해 수입 업체 관계자 규모 시장 팽창 홋카이도 본사 두다 캐리어 브레인 지난해 매출 사이 배 늘다 동안 전직 중개 교섭 의사 주도 의사 구하다 폐업 위기 몰리다 지방 병원 처지 의사 중개업 매출 젊다 의사 시골 옮기다 많다 연봉 요구 도쿄 도내 의사 몸값 정도 센다이 지방 중심 도시 작다 도시 가다 이상 뛰다 사정 홋카이도 공립 병원 연봉 지방 의회 승인 의사 요구 계약 포기 거액 세금 내다 주민 납득 이유 지방 병원 악순환 지방 병원 의사 부족 시달리다 의사 편중 현상 자리 일본 지자체 병원 협의회 지난해 공립 병원 대상 조사 결과 의사 충족 병상 대비 나타나다 절대 부족 도쿄 요코하마 반면 홋카이도 도호쿠 대도시권 떨어지다 그치다 후생 노동 성 조사 도호쿠 홋카이도 병원 가운데 의료 법 규정 의사 정수 채우다 곳 전국 평균 지나다 의사 편중 진료 과목 나타나다 의사 부족 현상 두드러지다 의대 대표 기피 업종 소아과 출산 관련 소송 잦다 산부인과 내과 마취 과 집중 지나다 의대 졸업 의사 동안 임상 연수 의무 제도 시행 불나다 기름 지방 병원 지방 대 의사 파견 의사 부족 메우다 연수 의무 파견 가능 의사 크다 줄다 의사 부족 곳 근무 의사 진료 부담 급증 떠나다 의사 많다 악순환 진행 미야기 현 군 소아과 상근 대기 환자 늘어서다 견디다 지난해 곳 가다 개업 뒤 보충 상태 아사히신문 지자체 병원 대상 설문 조사 결과 의사 구하다 진료 과목 없애다 장기 휴진 병원 곳 지방 의료 체계 빈사 상태 몰리다 의사 수 억제 정책 영향 적다 목표 수준 인구 의사 달성 직후 일본 정부 국립대 의대 입학 정원 단계 줄이다 입학 정원 지난해 떨어지다 의사 늘다 진료비 부담 늘어나다 의료 주장 받아들이다 의사 의사 수 문제 계획 병원 설립 지자체 탓 크다 지적 의사 부족 각종 의료 비리 토양 지방 병원 원장 사무장 지방 의대 의사 파견 의대 간부 기부 명목 정기 상납 향응 제공 사례 끊이다 의대 지방 병원 의사 인사 좌우 벌어지다 의사 머릿수 채우다 의대 대학원 명의 빌리다 상근 등록 의사 수 부족 진료 보수 삭감 피하다 위법 행위 비일비재 의사 수급 과정 비리 부르다 묘안 짜내기 지방 의료 체계 허물어지다 구조 비리 끊이다 대책 마련 요구 목소리 높다 우선 과제 지방 병원 근무 늘리다 묘안 짜내다 후쿠시마 현 립 의대 입시 제도 바꾸다 올해 현지 출신 수험 특별 전형 쿼터 학생 의사 곳 남다 확률 높다 기대 애초 일정 기간 현 근무 조건 내걸다 방안 검토 강제 곤란 판단 보류 쿼터 형평 어긋나다 비판 나오다 지방 병원 사정 생각 어쩌다 대학 관계자 근본 중소 지방 병원 통폐합 방안 추진 병원 없어지다 지자체 반발 체 진척 이뤄지다 후쿠시마 현 립 의대 정부 입학 정원 증가 요청 지방 증원 논의 본격 의대 장학금 주다 대신 일정 기간 지방 근무 의무 방안 검토 지자체 지방 병원 근무 각종 인센티브 내걸다 사례 있다 성과 좋다 후쿠시마 현 벽지 근무 희망 의사 현립대 연구 기회 연구비 제공 광고 내다 응모 문의 나가사키 현 현 공립 진료소 결원 생기다 의사 파견 의사 은행 만들다 계획 세우다 의사 모집 시도 주요 일간지 구인 란 게재 나가사키 시 도쿄 도내 설명회 열다 전국 의사 다이렉트 메일 보내다 근무 반 연수 특전 내걸다 건지다 도쿄박중언 특파원
2009-11-21,동아일보,이진한·의사,분원 아닌 ‘독립병원’ 암 등 특정질환 연구-치료,"서울대병원이 세종시에 일반 환자 진료병원이 아닌 연구중심병원을 세우는 것으로 방향을 정하면서 세종시가 선진국의 ‘메디컬 시티’처럼 성공할지에 관심이 모아지고 있다.   미국 보스턴의 하버드대 부속 매사추세츠 종합병원, 볼티모어의 존스홉킨스 병원, 휴스턴의 MD앤더슨 암센터 같은 병원은 주변 다른 기관과 연계해 다양한 연구와 치료를 수행하며 지역 도시를 메디컬 시티로 성장시켰다. 하버드대 병원의 경우 매사추세츠공대(MIT)와 긴밀히 협조해 MIT에서 수술용 로봇을 만들면 이를 하버드대 병원에서 환자 임상에 직접 응용하는 시스템을 구축했다.   서울대병원 관계자는 “세종시에 연구중심병원이 들어서면 바이오 중심 센터로 자리 잡고 있는 오송단지, 공학 중심의 대전 대덕단지와 연계해 공학과 바이오, 의학이 어우러지는 시너지 효과를 낼 수 있을 것”이라고 말했다. 이 관계자는 또 “이곳에서는 암 환자를 위한 신약 개발, 뇌신경질환 치료 및 재활 환자를 위한 로봇 개발, 망막질환 환자를 위한 인공 망막과 인공 눈 개발 같은 프로젝트별로 연구가 이뤄지는 최첨단 단지가 될 것”이라며 “이를 위해서는 서울대병원에서 상당한 연구 인력이 가야 하기 때문에 의대 증원과 같은 정부의 적극적인 지원이 필요하다”고 말했다.   연구중심병원에 도입되는 암 환자용 중입자 치료기는 현재 국립암센터에 있는 양성자 치료기보다 효과가 높다. 양성자 치료기는 수소를 가속시켜 여기서 나오는 방사선을 이용해 암을 치료하는 반면 중입자 치료기는 수소보다 12배 무거운 탄소를 가속시켜 여기서 나온 방사선으로 암을 치료한다. 수소보다 탄소에서 나오는 방사선이 더 세기 때문에 중입자 치료기의 효과가 더 좋다. 독일 1대와 일본 2대 등 세계에서 3대밖에 없는 치료기로 도입 가격이 2000억 원에 이른다.   병원 관계자는 “이곳에서는 프로젝트별로 임무를 수행하기 때문에 특정질환 환자를 엄선해서 임상에 응용할 것”이라면서 “연구중심병원은 일반 환자를 보는 서울대병원의 분원 형식이 아니라 독립적으로 연구를 수행하는 병원이 될 것”이라고 말했다.  이진한 기자·의사 likeday@donga.com",,https://www.donga.com/news/article/all/20091121/24260315/1,분원 독립 병원 암 특정 질환 연구 치료 서울대병원 세종시 일반 환자 진료 병원 연구 중심 병원 세우다 방향 정하다 세종시 선진국 메디컬 시티 성공 관심 모으다 미국 보스턴 하버드대 부속 매사추세츠 종합 병원 볼티모어 존스 홉킨스 병원 휴스턴 앤더슨 암 센터 병원 주변 기관 연계 다양 연구 치료 수행 도시 메디컬 시티 성장 하버드대 병원 경우 매사추세츠공대 협조 수술 로봇 만들다 하버드대 병원 환자 임상 응용 시스템 구축 서울대병원 관계자 세종시 연구 중심 병원 들어서다 바이오 중심 센터 자리 오송 단지 공학 중심 대전 대덕단지 연계 공학 바이오 의학 어우러지다 시너지 효과 내다 있다 관계자 암 환자 약 개발 뇌 신경 질환 치료 재활 환자 로봇 개발 망막 질환 환자 인공 망막 인공 눈 개발 프로젝트 연구 이뤄지다 첨단 단지 서울대 병원 상당 연구 인력 가다 의대 증원 정부 적극 지원 필요 연구 중심 병원 도입 암 환자 중입자 치료기 국립암센터 양성자 치료기 효과 높다 양성자 치료기 수소 가속 나오다 방사선 이용 암 치료 반면 중입자 치료기 수소 배 탄소 가속 나오다 방사선 암 치료 수소 탄소 나오다 방사선 세다 중입자 치료기 효과 좋다 독일 대 일본 세계 치료기 도입 가격 병원 관계자 곳 프로젝트 임무 수행 특정 질환 환자 엄선 임상 응용 연구 중심 병원 일반 환자 서울대병원 분원 형식 독립 연구 수행 병원 이진한 기자 의사
2012-09-26,한국일보,박경우,목포대 의과대학 유치 분위기 조성 나서,"목포대학교가 숙원 사업인 의과대학 유치를 위한 분위기 확산에 나선다.목포대는 추석을 맞아 고향을 방문하는 귀성객을 대상으로 27일 오후 1시부터 목포역과 목포종합버스터미널에서'의과대학 유치를 위한 서명운동'을 전개할 계획이라고 26일 밝혔다.이 행사에는 고석규 총장과 의과대학유치추진기획단, 학생 및 교직원 등 50여명이 참여할예정이다. 이들은 목포대 의과대학 유치 필요성을 홍보하고 귀성객과 지역주민들을 대상으로 서명을 받을 계획이다.전남은 전국 16개 광역시·도 중 유일하게 의과대학이 없는 보건의료서비스 소외지역으로, 이명박 대통령의 지역발전 현안 공약으로 목포대 의대 및 대학병원 설립을 최우선 과제로 선정됐었다.고 총장은""귀성객을 홍보를 시작으로 목포대 의과대학 설립 당위성과 서명운동을 전국적으로 확산해 나갈 계획이다""며""국회와 중앙정부 및 각 정당에 지역여론을 전달하고 의대 증원을 위한 정책수립이나 대통령 후보자 선거공약 등에 반영할 수 있도록 하겠다""고 말했다. 한편 목포대는 지역 숙원사업 해결 및 취약한 의료환경 개선을 위한 의과대학 유치를 위해 지난 3월 '100만인 서명운동' 선포식을 갖고 현재 10만여명의 서명을 받았다.박경우기자 gwpark@hk.co.kr",,,목포대 의과 대학 유치 분위기 조성 나다 목포대학교 숙원 사업 의과 대학 유치 분위기 확산 나서다 목포대 추석 맞다 고향 방문 귀성객 대상 오후 목포역 목포종합버스터미널 의과 대학 유치 서명 운동 전개 계획 밝히다 행사 고석규 총장 의과 대학 유치 추진 기획단 학생 교직원 참여 예정 목포대 의과 대학 유치 필요 홍보 귀성객 주민 대상 서명 계획 전남 전국 광역 시도 유일 의과 대학 보건 의료 서비스 소외 이명박 대통령 발전 현안 공약 목포대 의대 대학 병원 설립 우선 과제 선정 총장 귀성객 홍보 시작 목포대 의과 대학 설립 당위 서명 운동 전국 확산 계획 국회 중앙 정부 정당 여론 전달 의대 증원 정책 수립 대통령 후보자 선거 공약 반영 있다 목포대 숙원 사업 해결 취약 의료 환경 개선 의과 대학 유치 지나다 인 서명 운동 선포식 갖다 서명 박경 우기다
2012-10-04,한겨레,백영경,"[야! 한국사회] 여성, 공공의료의 적?","그러고 보면 군대 가는 ‘오빠’들이 지켜주고 있었던 게 전방만이 아니었던 모양이다. 군복무를 대신하여 지역의 보건소와 보건지소, 국공립 병원, 응급의료나 복지시설 등에 파견되어 오던 공중보건의사(공보의)가 지속적으로 감소하면서, 그나마 어렵게 지탱되던 의료 취약지나 농어촌 마을의 공공의료도, 공공의료기관의 진료도 모두 흔들리고 있다고 한다. 그러면 공보의는 왜 부족하게 되었는가. 의학전문대학원의 설립으로 군복무를 이미 마치고 의사 자격을 취득하는 경우가 많아져서이기도 하지만, 무엇보다 의사 가운데 여성 비율이 높아졌기 때문이라고 한다.　이렇게 여성의 증가가 문제라는 시각은 공공의료의 붕괴를 바라보는 사회적 시선뿐만 아니라 의료계 자체의 문제진단 속에도 만연해 있다. 최근 10년 사이 의료기관 수가 반으로 줄어들었다는 산부인과에서 여성 의사의 증가는 위기의 원인이자 결과로 비친다. 출산율 저하도 큰 원인이지만 야간근무와 위험이 큰 분만을 기피하는 여성 의사들이 증가하면서 산부인과는 더 큰 어려움을 겪고 있고, 산부인과가 기피 대상이 되면서 남성 의사의 지원이 더 줄어들고 있다는 분석이 넘쳐난다. 동시에 성적 좋은 여학생들이 어렵고 힘든 필수의료의 영역이나 지역 의료기관 취업을 외면하고 대도시에서 힘 안 들이고 돈 벌 수 있는 분야를 선호하면서 의료의 상업화를 부추기고 있다는 주장도 있다.　이렇게 모든 문제를 여성 비율의 증가 탓으로 돌리면서 실종되는 것은 한국 의료 문제에 대한 냉정한 분석이며, 동시에 새로운 앞날을 그릴 수 있는 전망이다. 여성이 문제라고 보니 결국 여성 의사들을 공보의로 활용하자는 대안을 내놓거나 장학의사 제도를 마련하여 국가가 장학금을 지원하는 대신 졸업 후 5년간 의료취약지구에서 근무하는 방안을 검토하게 된다. 여성 공보의는 이미 실효성이 없는 것으로 밝혀진 상태이고, 장학의사 제도는 그 취지상 주로 남성들을 선발하게 될 터이니, 공공의료의 대척점에 선 여성 의사의 이미지는 아마도 더 굳어지게 될 것이다.　그러나 정작 문제는 우리 사회가 공공의료와 지역의료를 군복무를 대신하여 근무하는 공보의에게 전적으로 의존하고 있다는 사실 자체다. 지역의료와 공공의료를 국가적인 투자 없이 군복무 대체 공보의에게 전담시켜 싼값에 해결하고자 하는 한 아무리 의대 증원을 확대하고 장학의사를 배출해도 해결책은 되지 못한다. 더구나 지역 의료와 공공의료를 임시인력에게 맡기는 태도는 환자들로 하여금 대도시 큰 병원이 좋은 병원이고 기회만 있다면 큰 병원으로 가겠다는 욕망을 부추긴다. 그러다 보면 지역 의료기관의 여건은 악화될 수밖에 없고 인력난도 가중될 따름이다.　공공의료는 물론 이윤이 되지 않는 부분도 담당해야 하지만, 의료 전체가 이윤을 추구하도록 그대로 둔 채 ‘나머지’를 처리하는 개념이 되어서는 곤란하다. 최근 서울 지역부터 보건소를 확대해야 하고 공공병원을 개선해야 한다는 주장도 있는데, 이 또한 현재 의료계의 문제를 그대로 둔 채 덧붙이는 방식이라는 점에서 한계를 가진다. 의료계 전체가 그럴 수는 없다고 하더라도 ‘잔여’나 ‘추가’가 아니라 상당한 부분이 공공성의 원리를 따를 수 있도록 해야 한다.　여성들은 애초부터 공공부문을 기피하는가? 그렇게 볼 수 없을 것 같다. 문제는 우리 사회가 공공성을 정의하는 방식에 있다. 의료인은 군대처럼 피할 수 없어서 몸담게 되고, 환자는 할 수 없이 찾는 것이 공공의료여서야 되겠는가. 지역의료와 공공의료를 다시 생각하는 데 있어서 여성의 증가로 인한 공보의의 감소는 위기가 아니라 기회다.백영경방송통신대 문화교양학과 교수",,,한국 사회 여성 공공 의료 적 그러다 군대 가다 오빠 지키다 전방 모양 군 복무 대신 보건소 보건 지소 국공립 병원 응급 의료 복지 시설 파견 공중보건의사 공보 지속 감소 지탱 의료 취약 지나다 농어촌 마을 공공 의료 공공 의료 기관 진료 흔들리다 공보 부족 의학 전문 대학원 설립 군 복무 마치다 의사 자격 취득 경우 많다 의사 가운데 여성 비율 높다 여성 증가 문제 시각 공공 의료 붕괴 바라보다 사회 시선 의료 자체 문제 진단 속 만연 최근 사이 의료 기관 수 반 줄다 산부인과 여성 의사 증가 위기 원인 결과 비치다 출산 저하 크다 원인 야간 근무 위험 크다 분만 기피 여성 의사 증가 산부인과 크다 어려움 겪다 산부인과 기피 대상 남성 의사 지원 줄어들다 분석 넘치다 동시 성적 좋다 여학생 힘 필수 의료 영역 의료 기관 취업 외면 도시 힘 들이다 돈 벌다 있다 분야 선호 의료 상업 부추기다 주장 있다 문제 여성 비율 증가 탓 돌리다 실종 한국 의료 문제 냉정 분석 동시 앞날 그리다 있다 전망 여성 문제 여성 의사 공보의 활용 대안 내놓다 장학 의사 제도 마련 국가 장학금 지원 대신 졸업 후 의료 취약 지구 근무 방안 검토 여성 공보 실효 밝히다 상태 장학 의사 제도 취지 남성 선발 공공 의료 대척점 서다 여성 의사 이미지 굳어지다 정작 문제 사회 공공 의료 의료 군 복무 대신 근무 공보 전적 의존 사실 자체 의료 공공 의료 국가 투자 군 복무 대체 공보 전담 싸다 값 해결 의대 증원 확대 장학 의사 배출 해결책 의료 공공 의료 임시 인력 맡기다 태도 환자 대도시 크다 병원 좋다 병원 기회 있다 크다 병원 가다 욕망 부추기다 그러다 의료 기관 여건 악화 인력난 가중 공공 의료 이윤 부분 담당 의료 전체 이윤 추구 두다 나머지 처리 개념 곤란 최근 서울 보건소 확대 공공 병원 개선 주장 의료 문제 두다 덧붙이다 방식 점 한계 가지다 의료 전체 잔여 추가 상당 부분 공공 원리 있다 여성 애초 공공 부문 기피 문제 사회 공공 정의 방식 의료인 군대 피하다 몸담다 환자 찾다 공공 의료 이다 의료 공공 의료 생각 여성 증가 인하다 공보 감소 위기 기회 경 방송 통신 문화 교양 학과 교수
2013-05-08,국민일보,속보유저,서남대 의대 결국 폐지 타대학 의대 증원 쟁탈전,"부실 의대의 대명사였던 전북 남원의 서남대 의대가 결국 문을 닫는다. 부실 교육으로 의대가 폐지되는 것은 처음이다. 이에 따라 서남대 의대 정원을 차지하려는 다른 대학들의 쟁탈전이 본격화될 전망이다.  교육부는 7일 “서남대 의대는 임상실습 교육과정 관리 및 운영이 심히 부당하여 폐지를 추진한다”고 밝혔다. 서남대는 지난해 말 실시된 교육부 감사에서 교비 330억원 횡령, 이사회의 부당 운영, 의대 임상실습 교육과정 부실 등 13건을 지적받았다. 지난 3월 18일까지 지적사항을 이행해야 했으나 이행하지 못했다.  폐지 절차는 서울행정법원의 1심 판결 이후 진행된다. 교육부는 10월 이후로 예상하고 있다. 서남대 측이 감사 결과에 문제를 제기하며 소송을 제기했고 법원으로부터 ‘의대 임상실습 교육과정 관리 및 운영 부당’ 등 2건에 대해 집행정지 결정을 받아냈었다.  교육부 관계자는 “고등교육법 시행령을 개정해 실습교육 의무를 위반한 의대를 폐지하는 법적 근거를 마련할 것”이라면서 “서남대가 단시일 내 의대 운영에 적합한 부속병원을 갖출 가능성은 거의 없다”고 말했다.  폐지가 기정사실이 되면서 서남대 의대 정원 50명을 어디에 배정할지가 초미의 관심사로 떠올랐다. 현재 목포대 등 호남 지역 대학 3∼4곳과 영남 지역 대학 등이 경합하고 있으며, 기존 의대들도 정원을 늘려달라고 교육부에 요구하고 있는 것으로 알려졌다.  의대는 없어지지만 서남대에는 임시이사가 파견돼 정상화를 추진한다. 교육부는 서남대의 전·현직 이사 9명 및 감사 3명의 임원 취임을 취소하고 사학분쟁조정위 심의를 거쳐 임시이사 8명을 파견하기로 했다.  이도경 기자 yido@kmib.co.kr",,http://news.kmib.co.kr/article/view.asp?arcid=0007156728&code=11131300,서남대 의대 폐지 대학 의대 증원 쟁탈전 부실 의대 대명사 전북 남원 서남대 의대 문 부실 교육 의대 폐지 처음 서남대 의대 정원 차지 대학 쟁탈전 본격 전망 교육부 서남대 의대 임상 실습 교육 과정 관리 운영 부당 폐지 추진 밝히다 서남대 지난해 실시 교육부 감사 교비 횡령 이사회 부당 운영 의대 임상 실습 교육 과정 부실 지적 지나다 지적 사항 이행 이행 폐지 절차 서울행정법원 1심 판결 이후 진행 교육부 이후 예상 서남대 감사 결과 문제 제기 소송 제기 법원 의대 임상 실습 교육 과정 관리 운영 부당 집행 정지 결정 교육부 관계자 고등 교육 법 시행령 개정 실습 교육 의무 위반 의대 폐지 법 근거 마련 서남대 단시일 의대 운영 적합 부속 병원 갖추다 가능 폐지 기정 사실 서남대 의대 정원 배정 초미 관심사 떠오르다 목포대 호남 대학 곳 영남 대학 경합 기존 의대 정원 늘리다 교육부 요구 알려지다 의대 서남대 임시 이사 파견 정상 추진 교육부 서남대 전현직 이사 감사 임원 취임 취소 사학 분쟁 조정위 심의 거치다 임시 이사 파견 이도경 기자
2013-11-27,중앙일보,천인성,"정시 합격선 깜깜  ""안정 소신 지원 한번씩""","올해 대입 정시모집에선 197개 대학이 12만7624명을 선발한다. 지난해(13만5277명)에 비해 7653명 줄었다. 수준별 수능이 처음 도입된 올해는 예년에 비해 구체적인 합격선을 예측하는 데 학생·교사·입시업체 모두 어려움을 겪고 있다. 오종운 이투스청솔 교육평가연구소 이사는 “A·B형을 모두 반영하는 대학들도 학교에 따라 B형에 대한 가산점의 폭이 다양하고, 이에 따른 수험생들의 지원 성향도 예상하기 쉽지 않아 합격선 예측이 여느 해보다 힘든 상황”이라고 말했다. ▷여기를 누르시면 크게 보실 수 있습니다　이 때문에 올해 정시에선 ‘하향·안전 지원’ 경향이 두드러질 것으로 보인다. 전문가들은 지나친 하향 지원 대신 가·나·다군별로 주어지는 세 번의 지원 기회를 충분히 활용하는 전략을 택하라고 조언했다. 이영덕 대성학력개발연구소장은 “대학마다 다른 영역별 반영 비율을 잘 따져 세 번 중 한 번은 안정 지원을 하고, 다른 한 번은 소신 지원을 하는 편이 좋다”고 말했다.　앞선 수시 모집에선 수험생들이 ‘눈높이’를 낮추는 경향이 나타났다. 수준별 수능의 도입과 정시 모집 축소에 따른 불안감 때문이었다. 김명찬 종로학원 평가이사는 “수능 성적이 우수한 학생 중 수시에 합격하는 학생이 많았다. 이럴 경우 정시 합격선은 다소 낮아질 수 있다”고 예상했다. 반면에 의·치대를 지망하는 자연계 최상위권 수험생 일부 중엔 재수를 각오한 소신 지원이 늘 수도 있다. 대학들이 의·치전문대학원을 폐지하고 의·치예과를 부활함에 따라 내년(2015학년도) 입시에선 올해보다 1000여 명 정도 정원이 확대될 예정이다. 올해 수능에선 수학 A·B형과 영어 B형의 난이도가 상대적으로 높았다. 해당 영역의 성적이 좋다면 그만큼 정시 합격에 유리하다. 경희대·고려대(우선선발)·국민대·서울과학기술대·성균관대(우선선발)·세종대·항공대·한양대·홍익대의 자연계열은 수학 B형의 반영 비율이 35~50%에 이른다.　임성호 하늘교육 대표는 “영어 B형은 최상위권 학생 내에서도 상당한 변별력을 지녀 당락에 변수로 작용할 것”이라고 내다봤다. ▷여기를 누르시면 크게 보실 수 있습니다 ▷여기를 누르시면 크게 보실 수 있습니다 ▷여기를 누르시면 크게 보실 수 있습니다　올해는 수능 반영 유형과 가산점이 지난해와 달라진 학교가 많다. 김기한 메가스터디 교육연구소장은 “중위권이 지원하는 대학들 중 수학 B형을 지정한 학교가 크게 늘었다”며 “수학 B형을 응시한 중위권 학생은 B형을 지정한 대학을 중심으로 가능성 여부를 따져야 한다”고 말했다. 학교생활기록부(학생부)의 실질 반영 비율도 살펴봐야 한다. 내신 성적이 우수한 학생은 내신 등급 간 점수 차이가 큰 대학, 그렇지 않은 학생은 수능 100% 전형이나 학생부의 실질 반영 비율이 낮은 대학을 지원해야 한다.　영어 A·B형을 모두 반영하는 대학은 B형에 대한 가산점 여부와 폭을 살펴야 한다. 김희동 진학사 입시전략연구소장은 “영어 A형 1등급과 B형 5등급이 비슷한 실력이지만 B형에 대한 가산점이 20%(백분위 기준)가 넘지 않으면 B형 5등급이 불리하게 된다”고 설명했다. 이날 입시업체들이 공개한 정시모집 각 대학 모집단위별 지원가능 점수(국어·수학·영어, 탐구 2개 과목 합산 표준점수)는 ▶서울대 경영대 540점 ▶사회과학 계열 539점 ▶연세대 경영대 537~538점 ▶고려대 경영대 536~537점 ▶서울대 의대 543점 ▶연세대 의대 541점 ▶고려대 의대 539점으로 나타났다. 천인성 기자 ◆표 보는 법=27일 수험생들은 자기가 응시한 유형 및 영역·과목별 표준점수·백분위·등급이 표시된 성적표를 받게 된다. 맞힌 문제에 문항당 배점을 곱해 환산한 원점수는 성적표에 기재되지 않는다. 표준점수는 동일 영역의 응시자 중 해당 수험생의 성적이 어느 위치쯤인가를 나타내는 점수다. 선택과목 간의 난이도 격차를 해결하기 위해 도입됐다. 표준점수대별 누적 인원표를 참고하면 자기의 표준점수대에 얼마나 많은 수험생이 몰려 있는지를 알 수 있다. 예를 들어 국어 A형에서 120점 이상의 표준점수를 받은 수험생 수(누적인원)는 5만 4987명이다. 국어 A형에서 표준점수 최고점인 132점과 이 점수(120점) 사이에 이 인원이 몰려 있다는 것을 의미한다. 120점을 받은 동점자는 누적인원 5만4987명에서 바로 위 점수인 121점 이상을 받은 수험생(누적인원) 4만8636명을 뺀 6351명이 된다.백분위 점수는 영역별 전체 응시자 수와 누적인원 수, 동점자 수 등을 갖고 구한다. 국어 A형에서 표준점수 120점을 받았다면 백분위 점수로는 84점이 나온다. 이 수험생보다 국어 A형 점수가 낮은 학생이 100명 중 84명이라는 의미다. 이 학생의 국어 A형의 등급은 3등급이다. 표준점수가 2등급 구분점수인 123점보다 낮지만 3등급 구분점수인 116점보다는 높기 때문이다. 표준점수·백분위·등급은 모두 상대적 위치를 나타내지만 얼마나 세밀한가에서 차이가 난다. 자세한 수능 관련 정보는 joongang.co.kr에 있습니다.",https://www.bigkinds.or.kr/resources/images/01100901/2013/11/27/01100901.20131127031042001.01.jpg,https://www.joongang.co.kr/article/13242396,정시 합격선 안정 소신 지원 올해 대입 정시 모집 대학 선발 지난해 비하다 줄다 수준 수능 처음 도입 올해 예년 비 구체 합격선 예측 학생 교사 입시 업체 어려움 겪다 오종운 이투스청솔 교육 평가 연구소 이사 형 반영 대학 학교 형 가산점 폭 다양 수험 지원 성향 예상 합격선 예측 해 힘 상황 누르다 크다 있다 올해 정시 하향 안전 지원 경향 두드러지다 보이다 전문가 지나치다 하향 지원 대신 가 나 다 군 주어지다 지원 기회 활용 전략 택하다 조언 이영덕 대성학력개발연구소장 대학 영역 반영 비율 따지다 안정 지원 소신 지원 좋다 수시 모집 서다 수험 눈높이 낮추다 경향 나타나다 수준 수능 도입 정시 모집 축소 불안감 김명찬 종로학원 평가 이사 수능 성적 우수 학생 수시 합격 학생 많다 경우 정시 합격선 낮다 있다 예상 반면 치대 지망 자연 상위 수험 일부 재수 각오 소신 지원 수 대학 의치 전문 대학원 폐지 의치 예과 부활 내년 학년도 입시 올해 정도 정원 확대 예정 올해 수능 수학 형 영어 형 난이도 상대 높다 해당 영역 성적 좋다 정시 합격 유리 경희대 고려대 우선 선발 국민 서울 과학 기술 성균관대 우선 선발 세종대 항공대 한양대 홍익대 자연 계열 수학 형 반영 비율 임성호 하늘 교육 대표 영어 형 상위 학생 상당 변별력 지니다 당락 변수 작용 내다보다 누르다 크다 있다 누르다 크다 있다 누르다 크다 있다 올해 수능 반영 유형 가산점 지난해 달라지다 학교 많다 김기한 메가스터디 교육 연구소장 중위 지원 대학 수학 형 지정 학교 크다 늘다 수학 형 응시 중위 학생 형 지정 대학 중심 가능 여부 따지다 학교생활 기록부 학생부 실질 반영 비율 살펴보다 내신 성적 우수 학생 내신 등급 간 점수 차이 크다 대학 학생 수능 전 학생부 실질 반영 비율 낮다 대학 지원 영어 형 반영 대학 형 가산점 여부 폭 살피다 김희동 진학사 입시 전략 연구소장 영어 형 등급 형 등급 실력 형 가산점 분위 기준 넘다 형 등급 불리 설명 이날 입시 업체 공개 정시 모집 대학 모집 단위 지원 가능 점수 국어 수학 영어 탐구 과목 합산 표준 점수 서울대 경영대 사회 과학 계열 연세대 경영대 고려대 경영대 서울대 의대 연세대 의대 고려대 의대 나타나다 천인 기자 표 법 수험 응시 유형 영역 과목 표준 점수 백분위 등급 표시 성적표 맞히다 문제 문항 배점 곱 환 산하 원점수 성적표 기재 표준 점수 동일 영역 응시자 해당 수험 성적 위치 나타내다 점수 선택 과목 난이도 격차 해결 도입 표준 점수 누적 인원 표 참고 표준 점수 많다 수험 몰리다 알다 있다 예 들다 국어 형 이상 표준 점수 수험 수 누적 인원 국어 형 표준 점수 최고점 이 점수 사이 인원 몰리다 의미 동점자 누적 인원 위 점수 이상 수험 누적 인원 빼다 백분위 점수 영역 전체 응시자 수 누적 인원 수 동점자 수 갖다 구하다 국어 형 표준 점수 백분위 점수 나오다 수험 국어 형 점수 낮다 학생 의미 학생 국어 형 등급 등급 표준 점수 등급 구분 점수 낮다 등급 구분 점수 높다 표준 점수 백분위 등급 상대 위치 나타내다 세밀하다 차이 나다 자세하다 수능 관련 정보 있다
2016-08-09,국민일보,이성규 기자,<나는아빠다斷想13>아픈 ‘을’이 되어 ‘종현이’를 생각한다.,"가정보다 특종을 좇던 기자였습니다. 올 초 3살 딸아이가 급성백혈병 진단을 받고서야 ‘아빠’가 됐습니다. 이후 인영이의 투병 생활을 기록하고 있습니다. 이 땅의 모든 소아난치병 환우와 아빠엄마들을 응원합니다.   지난 6개월 동안 아픈 아이의 보호자로 지내면서 말기 암 환자의 감정 변화를 체험했다. 감정의 변화는 인영이의 몸 상태에 대한 것이 아니라 우리나라 의료 현실에 대해서다. 처음 인영이가 아프고 나서 불합리한 관행과 열악한 의료 환경에 ‘그래도 OECD 회원국인데’라는 생각에 부정했고, 분노했다가 이런 환경에서 아이를 치료해야하는 현실에 슬퍼했다. 지금은 다른 환우 보호자들이 그러는 것처럼 어느 정도 체념하고 받아들이고 있다.  우리나라 병원의 가장 큰 문제는 정보의 비대칭성이다. ‘의사는 환자의 증상과 치료 필요성, 부작용 등을 상세히 설명해줘야 하고 환자는 알 권리와 치료선택권을 갖고 있다’고 병원 벽에는 적혀있다. 그러나 현실은 그렇지 못하다.   어제 인영이는 2달 동안 쉰 항암치료를 재개했다. 당초 지난주가 예정이었지만 간수치가 300이 넘어 상태를 보고 항암 재개 여부를 결정하기로 돼 있었다. 어제 인영이 간수치는 160. 많이 떨어졌지만 정상(20~30)보다 크게 높은 수치였다. 항암을 시작하자는 의료진에게 아내는 걱정스런 마음에 “해도 될까요?”라고 물었지만 돌아온 답은 “해야 한다”는 말 뿐이었다고 한다. 물론 해야 한다는 의료진의 판단을 존중하지만 4살 딸아이의 부모로서는 항암을 받을 수 있는 평균적인 간수치와 이런 상태에서 항암을 받을 때의 문제는 없는지, 그래도 왜 해야 하는지에 대한 답을 듣고 싶었다. 그러나 우리나라 의료 현실은 “해야 한다”는 말에 토를 달 수 없는 분위기다.  결국 인영이는 항암을 시작했고, 항암 도중 갑자기 체중이 1kg이나 불어 이뇨제를 맞기도 했다. 여느 때처럼 우리 부부는 선배 환우 부모님들에게 “이런 경험이 있었냐” “괜찮은거냐” 말 동냥을 하면서 스스로를 안심시켜야 했다.  물론 의료진은 할 말이 많을 것이다. 한정된 인력과 시설인데 아픈 아이들은 과포화 상태다. 아이들 하나하나에 대해 충분히 설명해주고 싶지만 현실은 1시간대기 1분 진료일 수밖에 없다. ‘대전에도 치료기관이 있는데 누가 이 병원 오라고 했나요?’라고 속으로 반문할 수도 있을 것이다.  의료계가 이런 열악한 환경의 원인으로 짚는 건강보험 저수가 문제를 부정할 생각은 없지만, 또 하나의 근본 원인은 의료계의 ‘밥그릇 지키기’ 때문이라는 생각이 든다. 지난달 기획재정부가 발표한 서비스업 선진화 대책에서 의대 증원 문제는 초안에 들어갔다가 의료계의 반발에 슬며시 빠졌다. 기재부 한 공무원은 “의료진을 늘려야 3분 진료가 아닌 30분 진료로 특화하는 병원도 생기고 경쟁도 일어날텐데 ‘의대’란 말도 못 쓰고 ‘의료인력 증원’이라고 표현했지만 결국 발표되지 못했다”고 한탄했다. 이른바 빅5라는 독점기업이 전체 시장을 좌지우지하고 있는 현실을 개선하기 위해서는 경쟁이 필요하고, 이를 위해서는 인력이 증원돼야 하는데 의료계는 그 첫발부터 떼지 못하고 있는 셈이다.  이런 상황에서 병원에서 환자 ‘대우’를 받을 생각은 애초부터 접어야 한다. ‘36개월 이상 아이들은 어느 정도 컸으니 고통을 참고 견뎌야한다’는 병원 내부 규정에서 없는 논리에 한번 ‘개긴’(http://news.kmib.co.kr/article/view.asp?arcid=0010643480&code=61121111&sid1=prj&sid2=0043) 이후로는 몇몇 의료진은 ‘노골적으로’ 우리에게 불친절하다.  3~4살된 아이들이 병실도 없어 병원 복도에서 항암주사를 맞으며 링거대를 끌고 다니는 현실은 차지하더라도, 그런 아이들을 사무적이고 기계적이 아니라 사랑스럽게 대해주는 의료진을 보는 것은 쉽지 않다. 6개월 동안 병원생활을 하면서 우리 가족에게 가장 친절했던 병원 관계자는 병원 현관 앞에서 교통정리를 하시는 분이었다. 이 분은 비가오나 눈이오나 항상 웃으면서 “네 고맙습니다, 조심히 가세요, 아픈데 수고하셨습니다”라고 말한다. 나는 “고생 많으셨죠(이 분은 우리 애가 얼마나 아픈지, 내가 왜 병원에 오는지 모른다)”라는 이 분의 따스한 말 한마디에 울컥 눈물이 날 뻔한 적도 있다.  지난달 29일 이른바 ‘종현이법’이 시행됐다. 종현이는 2010년 백혈병으로 투병하던 9살 아이였다. 긴 항암치료 막바지에 종현이는 정맥으로 투여돼야하는 항암제 ‘빈크리스틴’이 척수강으로 잘못 투여돼 하늘나라로 갔다. 제 2의 종현이가 생기지 않기 위한 환자안전법인 이 법은 의료사고를 막기 위한 여러 가지 장치를 만들었다. 환자의 알 권리도 강조했다. 아이가 종현이와 같은 병으로 아파 종현이가 맞았던 빈크리스틴을 맞고 보니 종현이 부모님의 찢어지는 마음을 조금은 알 것 같다. 그 어려운 시기를 다 견디고 이제야 다시 일상으로 돌아가 학교도 보내고, 놀이터에서 놀게 할 마음에 들떠있었을 종현이 부모님의 마음은 공감은 하지만 어느 누구도 대신하지 못할 것이다.  아마 병원에서 볼 때 나는 블랙리스트일 것이다. 백혈병 아이들 천지고, 대부분 보호자들은 병원에 불만이 없는데 뭐가 그리 불만이냐고 할지도 모르겠다. 그러나 을들이 불만이 없어서 침묵하는 것은 아니라는 것을 갑이 알아줬으면 좋겠다. 제2, 제3의 종현이가 계속 생긴다면 을들도 침묵하지 않을 것이다. 사회 각계에서 일어나고 있는 을의 반란이 언젠가 의료계에도 일어날 수 있다.  이성규 기자 zhibago@kmib.co.kr   [관련기사 보기] ▶'나는아빠다' 모아보기",https://www.bigkinds.or.kr/resources/images/01100201/2016/08/09/01100201.20160809152944001.01.jpg,http://news.kmib.co.kr/article/view.asp?arcid=0010842985&code=61121111&cp=kd,아빠 아프다 을 종현 생각 가정 특종 좇다 기자 딸아이 급성 백혈병 진단 아빠 이후 인영 이의 투병 생활 기록 땅 소아 난치병 환우 아빠 엄마 응원 지나다 동안 아프다 아이 보호자 지내다 말기 암 환자 감정 변화 체험 감정 변화 인영 몸 상태 우리나라 의료 현실 처음 인영 아프다 관행 의료 환경 회원국 생각 부정 분노 환경 아이 치료 현실 슬퍼하다 지금 환우 보호자 그러다 정도 체념 받아들이다 우리나라 병원 크다 문제 정보 대칭 의사 환자 증상 치료 필요 부작용 설명 환자 알다 권리 치료 선택 갖다 병원 벽 적히다 현실 인영 달 동안 쉬다 항암 치료 재개 당초 지나다 주가 예정 간 수치 넘다 상태 항암 재개 여부 결정 인영 간수 떨어지다 정상 크다 높다 수치 항암 시작 의료진 아내 걱정 마음 돌아오다 답 의료진 판단 존중 딸아이 부모 항암 있다 평균 간수 상태 항암 문제 답 우리나라 의료 현실 토 달다 분위기 결국 인영 항암 시작 항암 도중 체중 불다 이뇨제 맞다 부부 선배 환우 부모 경험 있다 괜찮다 동냥 스스로 안심 의료진 많다 한정 인력 시설 아프다 아이 과 포화 상태 아이 하나하나 설명 현실 대기 진료 대전 치료 기관 병원 오다 속 반문 있다 의료 환경 원인 짚다 건강 보험 저수 문제 부정 생각 근본 원인 의료 밥그릇 지키다 생각 들다 지난달 기획 재정부 발표 서비스업 선진 대책 의대 증원 문제 초안 들어가다 의료 반발 빠지다 기재부 공무원 의료진 늘리다 진료 진료 특화 병원 생기다 경쟁 일어나다 의대 쓰다 의료 인력 증원 표현 발표 한탄 빅 독점 기업 전체 시장 좌지우지 현실 개선 경쟁 필요 인력 증원 의료 첫발 떼다 상황 병원 환자 대우 생각 애초 이상 아이 정도 크다 고통 참다 견디다 병원 내부 규정 논리 개다 이후 의료진 노골 친절 아이 병실 병원 복도 항암 주사 맞다 링거 대 끌다 다니다 현실 차지 아이 사무 기계 사랑 의료진 동안 병원 생활 가족 친절 병원 관계자 병원 현관 앞 교통정리 비 오다 눈 오다 가다 아프다 수고 고생 많다 애 아프다 병원 오다 모르다 한마디 눈물 나다 지난달 종현 법 시행 종현 백혈병 투병 아이 길다 항암 치료 막바지 종현 정맥 투여 항암제 비다 크리스틴 척수 강 투여 하늘 나라 가다 종현 생기다 환자 안전법 법 의료 사고 막다 장치 만들다 환자 알다 권리 강조 아이 종현 병 아프다 종현 맞다 비다 크리스틴 맞다 종현 부모 찢어지다 마음 조금 알다 시기 견디다 이제 일상 돌아가다 학교 보내다 놀이터 놀다 마음 들뜨다 종현 부모 마음 공감 대신 병원 블랙리스트 백혈병 아이 천지 대부분 보호자 병원 불만 불만 모르다 을 불만 침묵 갑 알다 좋다 종현 생기다 을 침묵 사회 각계 일어나다 을 반란 의료 일어나다 있다 이성규 기자 관련 기사 보기 아빠 모으다
2018-12-11,한국일보,최진주,“의사 수 OECD 절반 의대 정원 지금보다 500여명 늘려야”,"정형선 연세대 교수, 토론회서 발표우리나라 의사수가 경제협력개발기구(OECD)의 절반 수준에 불과해, 의대 입학정원을 지금보다 500명 이상 늘려야 한다는 제안이 나왔다. 의사수가 적기 때문에 1인당 진료 횟수가 많고, 비인기 과목이나 지방 근무 의사 확보가 어려운 만큼 정원을 늘려야 한다는 지적이다.11일 오전 더불어민주당 정책위원회가 주최하고 보건복지부가 주관해 열린 ‘바람직한 공공보건의료 인력양성 방안 마련을 위한 정책토론회’에서 정형선 연세대학교 보건과학대학 교수는 ‘우리나라 의료인력 수급전망’이란 주제 발표를 통해 이 같이 제안했다.정 교수는 우리나라 의료 인력이 “국제 비교 관점에서 봤을 때 절대 부족 상태”라고 봤다. 2016년 한의사를 제외한 우리나라 임상의사 수는 인구 1,000명당 1.9명으로 같은 기간 OECD 평균인 3.4명의 절반을 겨우 넘는 수준이다. 반면 국민 1명이 한 해 의사를 찾아 진찰을 받은 횟수는 2015년 기준 16.0회로, OECD 회원국 가운데 최고치를 기록했다. 평균인 6.9명보다 2.3배나 많았으며 두 번째로 진찰건수가 많은 일본(12.7회)보다도 3.3회 의사를 더 찾았다.이렇게 의사가 부족한 현상은 2002년 의대정원이 동결된 후 지금까지도 정원을 늘리지 않고 있기 때문으로 봤다. 2001~2006년 연평균 3.99%씩 늘었던 의사 증감률은 2006~2011년 3.73%, 2011~2016년 2.44% 등으로 감소했다.정 교수는 “대부분 OECD 국가들이 고령화 대응 차원에서 의대 입학정원을 늘리면서 의대 졸업자수가 2000년 인구 10만명당 평균 8.3명에서 2015년 12.1명으로 늘어난 OECD 회원국들과 달리 한국은 정원 감축과 동결 정책을 지속하면서 2015년 6.0명(한의대 제외)으로 절반 수준이 됐다”고 지적했다. 이어 “전공의를 채우지 못하는 필수전문과목이 속출하고 의료취약지나 지방오지에는 웬만큼 돈을 지불해서는 의사를 근무하게 할 수 없는 상황이 계속되고 있다”며 “의사협회 반대를 이유로 의대정원 감축ㆍ동결 정책이 계속되면서 의료정책 근간이 흔들리고 있다”고 꼬집었다.정 교수는 의료비와 경제사회적, 의료제도적 변수 등을 고려했을 때 우리나라에 필요한 인구 1,000명당 의사수를 2011년 2.5명, 2030년 3.2명으로 추정했다. 2011년 현재 한의사를 포함했을 때 2.1명인 점을 고려하면 15~20% 정도 부족한 상황이다.이를 해소하려면 현재 3,058명인 의대 입학정원을 최소 3,600명으로 542명(17.7%) 이상 늘려야 한다는 게 정 교수의 주장이다. 입학정원은 여성 의사인력 증가속도, 성형미용부문 등 비의료적 부문으로 유출 정도, 해외 환자 등 추가 수요, 연구직 등 비임상전문직으로 유출 정도 등을 바탕으로 결정할 것을 조언했다.일본 역시 1993년부터 의대 입학정원과 신규진입 의사수를 10%씩 줄여오다가 2006~2007년 소아과 등 특정 과목과 지역 의사 부족 문제 해결을 위해 의대정원을 긴급히 395명 증원하고, 이듬해인 2008년에는 아예 정책을 의사 수 증원으로 전환했다. 그 결과 일본의 인구 10만명당 의사수가 224.5명으로 늘어났으며, 올해 의대 입학정원은 9,419명으로 인구 10만명당 7.42명에 달했다. 인구 10만명당 5.97명인 한국보다 1명 이상 많은 수치다. 일본은 10년 동안의 정원 확대 정책으로 향후 5년 정도만 더 하면 미래 의사인력을 확보할 수 있다고 판단해 5년 이내에 의대 증원 정책을 재검토하는 것으로 방향을 잡고 있다고 정 교수는 전했다.정 교수는 “전문 과목별, 지역별 수급 불균형 문제는 전체 의사인력 공급이 원활해지면 상당 부분 자동 조정기능에 의해 해결이 될 것”이라면서도 “전문과목간 균형과 지역별 의사 균형 공급을 위한 미시적 정책들은 계속 시도돼야 한다”고 말했다.최진주 기자 pariscom@hankookilbo.com",https://www.bigkinds.or.kr/resources/images/01101101/2018/12/11/01101101.20181211051947001.01.jpg,,의사 수 절반 의대 정원 지금 늘리다 정형 서다 연세대 교수 토론회 발표 우리나라 사수 경제협력개발기구 절반 수준 의대 입학 정원 지금 이상 늘리다 제안 나오다 의사 수 적다 인 진료 횟수 많다 인기 과목 지방 근무 의사 확보 정원 늘리다 지적 오전 더불어민주당 정책 위원회 주최 보건복지부 주관 열리다 공공 보건 의료 인력 양성 방안 마련 정책 토론회 정형 선 연세대학교 보건 과학 대학 교수 우리나라 의료 인력 수급 전망 주제 발표 제안 정 교수 우리나라 의료 인력 국제 비교 관점 절대 부족 상태 한의사 제외 우리나라 임상 의사 수 인구 기간 평균 절반 넘다 수준 반면 국민 해 의사 찾다 진찰 횟수 기준 회원국 가운데 최고 기록 평균 배 많다 진찰 건수 많다 일본 의사 찾다 의사 부족 현상 의대 정원 동결 후 지금 정원 늘리다 연평균 늘다 의사 증감 감소 정 교수 부분 국가 고령 대응 차원 의대 입학 정원 늘리다 의대 졸업자 수 인구 평균 늘어나다 회원국 한국 정원 감축 동결 정책 지속 한의대 제외으로 절반 수준 지적 전공의 채우다 필수 전문 과목 속출 의료 취약 지나다 지방 오지 돈 지불 의사 근무 상황 계속 의사 협회 반대 이유 의대 정원 감축 동결 정책 계속 의료 정책 근간 흔들리다 정 교수 의료비 경제 사회 의료 제도 변수 고려 나라 필요 인구 의사 수 추정 한의사 포함 점 고려 정도 부족 상황 해소 의대 입학 정원 최소 이상 늘리다 정 교수 주장 입학 정원 여성 의사 인력 증가 속도 성형 미용 부문 의료 부문 유출 정도 해외 환자 추가 수요 연구 직 임상 전문직 유출 정도 바탕 결정 조언 일본 의대 입학 정원 신규 진입 의사 수 줄이다 소아과 특정 과목 의사 부족 문제 해결 의대 정원 증원 이듬해 정책 의사 수 증원 전환 결과 일본 인구 의사 수 늘어나다 올해 의대 입학 정원 인구 달하다 인구 한국 이상 많다 수치 일본 동안 정원 확대 정책 향후 정도 미래 의사 인력 확보 있다 판단 이내 의대 증원 정책 검토 방향 정 교수 전하다 정 교수 전문 과목 수급 균형 문제 전체 의사 인력 공급 원활 상당 부분 자동 조정 기능 의하다 해결 전문 과목 균형 의사 균형 공급 미시 정책 시도 최 진주 기자
2019-11-26,동아일보,우경임 논설위원,공공의대 무산되면 의대 정원 늘려라[광화문에서/우경임],"‘우리나라에 의사 수가 많다는 걸 의사 말고 누가 동의할까.’   2월 설 연휴 응급의료 공백을 막기 위해 밤샘 근무를 하다 순직한 윤한덕 국립중앙의료원 중앙응급의료센터장. 그가 생전 페이스북에 남긴 글이다. 우리나라 의사 수가 공급 과잉이라고 주장한 대한의사협회 홍보물을 띄우고는 이렇게 개탄했다.   의협은 그 근거로 면적당 의사 밀도를 댔다. 10km²당 10.44명으로 의사 접근성이 세계 최고 수준이라는 것. 이는 의사 수를 줄여야 한다는 결론으로 이어진다. 이런 논리라면 땅덩이 작은 우리나라는 대통령이나 방탄소년단(BTS) 접근성도 세계 최고일 거다. 윤 센터장은 순직하기 직전 일주일 동안 129시간 30분을 근무했다. 의사 부족에 허덕이는 응급의료, 바로 그 현장에서.   고인의 글이라 망설이다 이를 인용한 것은 국립공공보건의료대학원의 운명이 곧 결정돼서다. 공공의대 설립 법안은 22일 공청회를 거쳤고 27, 28일 국회 보건복지위 법안소위 심사가 예정돼 있다. 4년제 의학전문대학원인 공공의대는 학비를 국가가 전액 부담해 의사를 길러내 10년간 의료 취약지역에서 근무하도록 한다.   의료계는 결사반대한다. 지역 간, 전공 간 의료 격차를 통계로 보면 공공의료 인력 양성에 반대할 명분이 없다. 인구 10만 명당 치료 가능한 사망자 수는 서울이 40.4명, 충북은 53.6명이다. 제대로 의료서비스를 받으면 살 수 있었던 환자의 수다. 응급, 외상, 분만 등 기피 전공에선 격차가 더 심각하다. 환자가 어디에 사느냐, 어디가 아프냐에 따라 수명이 달라질 수 있단 얘기다. 그래서 의료계는 의료취약지 인프라 개선 없이 의사가 가지 않는다는 논리를 편다. 속내는 공공의대가 의사 공급 확대의 단초가 될까 걱정스러운 것이지만.   지역 간 격차는 의사의 수급 불균형만으로 설명이 안 된다. 의사 총량 부족이 이런 격차를 빨리, 크게 벌어지게 했다. 우리나라 인구 1000명당 활동 의사 수는 1.89명(한의사 제외). 경제협력개발기구(OECD)의 56% 수준이다. 그런데 의대 정원은 2007년부터 3058명으로 동결이다. 그동안 의사가 과로사를 하고 지방 병·의원이 사라지고 간호사가 진료보조인력(PA)으로 수술 및 처치를 대신하는 상황까지 왔다.   정부는 공공의대라는 궁여지책을 내놓고는 의대 증원은 언급조차 꺼려한다. 의사 수가 늘면 없던 의료 수요가 창출돼 건보재정에 부담이 될까 봐 우려해서다. 의료계 눈치도 보인다. 우리나라 의료체계는 건강보험이라는 공공 재원과 병·의원이라는 민간 인프라가 부부가 돼 탄생했다. 낮은 보험료로 설계된 건강보험은 낮은 수가(酬價)로 귀결된다. 정부는 의사 수를 통제해 박리다매를 허용했고 이로써 의료계의 반발을 달래 왔다. 의사 수는 세계 최저인데 국민 1인당 외래진료 횟수(16.6회)는 세계 최고인 비법이 여기 있다. 부부가 국민건강이라는 자식을 낳고 억지로 사는데 괜히 이혼 사유를 만들고 싶지 않다.   이번 국회서 공공의대가 좌초된다면 정부는 의사 정원 확대를 공론화해야 한다. 직역 논리가 국민 건강을 해칠 정도가 됐는데도 방관해선 안 된다. 전문가들은 고령화라는 사회적 요인과 바이오, 인공지능(AI) 등 산업적 요인으로 의사 수요가 급증할 것으로 예상한다. 의사 양성에는 10년 이상 소요된다. 이미 늦었다.　 woohaha@donga.com",https://www.bigkinds.or.kr/resources/images/01100401/2019/11/26/01100401.20191126030252001.01.jpg,http://www.donga.com/news/article/all/20191126/98532561/1,공공 의대 무산 의대 정원 늘리다 광화문 우경 나라 의사 수 많다 의사 말다 동의 설 연휴 응급 의료 공백 막다 밤샘 근무 순직 윤 한덕 국립중앙의료원 중앙응급의료센터 장 생전 페이스북 남기다 글 우리나라 의사 수가 공급 과잉 주장 대한의사협회 홍보물 띄우다 개탄 의협 근거 면적 의사 밀도 대다 당 의사 접근 세계 최고 수준 의사 수 줄이다 결론 이어지다 논리 땅덩이 작다 우리나라 대통령 방탄소년단 접근성 세계 최고 윤 센터장 순직 직전 일주일 동안 근무 의사 부족 허덕이다 응급 의료 현장 고인 글 망설이다 인용 국립 공공 보건 의료 대학원 운명 결정 공공 설립 법안 공청회 거치다 국회 보건 복지위 법안 심사 예정 의학 전문 대학원 공공 대 학비 국가 전액 부담 의사 기르다 의료 취약 근무 의료 결사반대 전공 의료 격차 통계 공공 의료 인력 양성 반대 명분 인구 치료 가능 사망자 수 서울 충북 의료 서비스 살다 있다 환자 수 응급 외상 분만 기피 전공 격차 환자 사다 아프다 수명 달라지다 있다 얘기 의료 의료 취약 지 인프라 개선 의사 가다 논리 펴다 속내 공공 대가 의사 공급 확대 단초 걱정 격차 의사 수급 균형 설명 의사 총량 부족 격차 크다 벌어지다 우리나라 인구 활동 의사 수 한의사 제외 경제협력개발기구 수준 의대 정원 동결 그동안 의사 과로사 지방 병의원 사라지다 간호사 진료 보조 인력 수술 처치 대신 상황 오다 정부 공공 궁여지책 내놓다 의대 증원 언급 꺼리다 의사 수 늘다 의료 수요 창출 건보 재정 부담 우려 의료 눈치 보이다 우리나라 의료 체계 건강 보험 공공 재원 병의원 민간 인프라 부부 탄생 낮다 보험료 설계 건강 보험 낮다 수가 귀결 정부 의사 수 통제 박리다매 허용 의료 반발 달래다 의사 수 세계 최저 국민 인 외래 진료 횟수 세계 최고 비법 부부 국민 건강 자식 낳다 사다 이혼 사유 만들다 이번 국회 공공 의대 좌초 정부 의사 정원 확대 공론 직역 논리 국민 건강 해치다 정도 방관 전문가 고령 사회 요인 바이오 인공 지능 산업 요인 의사 수요 급증 예상 의사 양성 이상 소요 늦다
2020-05-25,한국일보,김민호,공공의료원 세워도 의사가 없어 다시 힘받는 ‘지역의사 특별전형’,"[의대 증원? 코로나가 묻다] <상>취약지역 의무 복무로 구인난 해소… 수년간 공론화, 與 총선 공약공공의료원은 신종 코로나바이러스 감염증(코로나 19) 확산 등 비상사태가 벌어질 때 가장 일선에서 의료시스템을 지켜내는 첨병역할을 한다. 그래서 신천지 대구교회발 집단감염이 만일 지방공공의료원이 없는 광주나 경남권에서 발생했다면 대구경북이 겪은 파장에 비할 바가 아니었을 것이란 평가마저 나온다. 이에 정부는 공공의료원 확충을 계획하고 여당은 이를 적극 뒷받침할 계획이다. 문제는 공공의료원 설립까지 최소 7, 8년이 걸린다는 데 있다. 당장은 의대 정원을 늘려 공공의료 시스템을 보강해야 한다는 목소리가 높은 배경이다. 실제 공공의료원의 ‘속’을 채우기 위한 준비 차원에서 의대 정원을 보강하자는 방안은 여당과 시민사회 단체에서 꾸준히 나오고 있다. 더불어민주당이 올해 총선 공약으로 내걸었던 ‘지역의사제도 특별전형’이 대표적이다.인도주의실천의사협의회와 민주노총 등 34개 단체가 모인 무상의료 운동본부는 지난 7일 성명을 통해 “정부가 공공의료기관을 늘려도 그곳에서 일할 전문 의료 인력이 없으면 소용이 없다”며 “공공의료 인력 공백을 해결하기 위해서는 정부가 공공 교육기관에서 의사를 양성해 공공의료기관에서 상당 기간 의무 복무하도록 하는 정책이 필요하다”라고 밝혔다. 공공의료원을 만들고 운영을 위한 인력 보강을 위해 의대 졸업생이 일정기간 이곳에서 근무하도록 강제하는 ‘지역의사제도 특별전형’을 도입 주장에 힘을 실은 것이다. 의료 현장에서도 특정한 경로로 선발된 의료인력에게 지역 근무를 의무화하는 방안이 구인난 해소에 도움이 될 것으로 전망했다. 성만제 충남도 공공의료 팀장은 “간호대 재학생에게 장학금을 지급해 지역 근무를 유도했지만 지난해에는 정원을 채우지 못했다”면서 “공공의대 등을 통해서라도 의료인력을 공급하면 사정이 나아질 것”이라고 설명했다. 다만 특별전형이 정부가 현재 시행하는 대학 장학금을 지급하는 수준의 정책으로는 그쳐서는 안 된다는 지적이다. 이 수준만으로는 전문인력이 지방에 근무하도록 유도하는 데 한계가 있기 때문이다. 실제 정부는 지난 3월 지난해에 이어 공중보건장학생 14명을 선발, 지방 근무를 시키겠다고 밝혔지만 상반기 심사가 거의 마무리 단계인 현재 응모한 정원은 4명에 그치는 실정이다. 김민호 기자 kmh@hankookibo.com",https://www.bigkinds.or.kr/resources/images/01101101/2020/05/25/01101101.20200525050313002.01.jpg,,공공 의료원 세우다 의사 힘 의사 특별 전형 의대 증원 코로나 상 취약 의무 복무 구인난 해소 수년 간 공론 총선 공약 공공 의료원 신종 코로나바이러스 감염증 코로나 확산 비상 사태 벌어지다 일선 의료 시스템 지키다 첨병 역할 천지 대구 교회 발 집단 감염 만일 지방 공공 의료원 광주 경남 발생 대구경북 겪다 파장 비하다 평가 나오다 정부 공공 의료원 확충 계획 여당 적극 뒷받침 계획 문제 공공 의료원 설립 최소 걸리다 당장 의대 정원 늘리다 공공 의료 시스템 보강 목소리 높다 배경 공공 의료원 속 채우다 준비 차원 의대 정원 보강 방안 여당 시민 사회 단체 나오다 더불어민주당 올해 총선 공약 내걸다 사제 특별 전형 대표 인도주의 실천 의사 협의회 민주노총 단체 모이다 무상 의료 운동 본부 지나다 성명 정부 공공 의료 기관 늘리다 전문 의료 인력 소용 공공 의료 인력 공백 해결 정부 공공 교육 기관 의사 양성 공공 의료 기관 상당 기간 의무 복무 정책 필요 밝히다 공공 의료원 만들다 운영 인력 보강 의대 졸업 일정 기간 근무 강제 사제 특별 전형 도입 주장 힘 의료 현장 특정 경로 선발 의료 인력 근무 의무 방안 구인난 해소 도움 전망 성 충남 공공 의료 팀장 간호 재학 장학금 지급 근무 유도 지난해 정원 채우다 공공 대 의료 인력 공급 사정 나아지다 설명 특별 전형 정부 시행 대학 장학금 지급 수준 정책 그치다 지적 수준 전문 인력 지방 근무 유도 한계 정부 지나다 지난해 공중 보건 장학 선발 지방 근무 시키다 밝히다 상반기 심사 마무리 단계 응모 정원 그치다 실정 김민호 기자
2020-05-25,한국일보,김치중,국내 감염내과 전문의 275명뿐 힘겨운 ‘코로나 醫兵’,"[의대 증원? 코로나가 묻다] <상>OECD 평균比 의사 총 5만명 부족… K방역, 의사 증원 없이는 모래성당정, 14년 묶인 의대정원 증원 추진… 의협 “지역의료 개선 우선” 반발 “병원에 감염내과 전문의가 달랑 2명입니다. 제가 자가격리에 들어가버리니 동료교수 혼자 외래에, 선별진료소에, 병원 전체 감염관리까지 도맡아 할 상황이어서 미안하고 걱정이 이만저만 아니었죠. 신종 코로나가 아니라 과로 때문에 언제든 쓰러질 수 있는 의사가 바로 감염내과 전문의입니다.” 대구ㆍ경북지역을 중심으로 신종 코로나바이러스 감염증(코로나19) 확진환자가 쏟아져 나오던 지난 2월 중순, 진료한 환자가 신종 코로나 확진 판정을 받아 2주간 자가격리에 들어가야 했던 김신우 경북대 감염내과 교수는 이렇게 소회했다. 24일 대한감염학회에 따르면 지난해 기준 전국에서 활동하는 감염내과 전문의는 김 교수를 포함해 고작 275명뿐이다. 신종 코로나 확진자가 폭증했던 대구ㆍ경북지역의 감염내과 전문의는 12명에 불과할 정도로 지방의 경우 전문 의료진 부족 상황은 더욱 심각하다. 이 지역 신종 코로나 누적 확진자가 6,873명(24일 0시)에 달한다는 점을 감안하면, 감염내과 전문의 1명이 환자 573명을 치료한 셈이다. 인구(5,000만명 기준)대비로 따져보면 감염내과 전문의 1명이 산술적으로 맡게 되는 국민은 18만1,800여명에 이른다. 신종 코로나와 같은 팬데믹(대유행)이 언제 다시 닥칠지 모르는 위험사회를 버텨내기엔 턱없이 빈약한 버팀목이다. 감염내과 전문의들은 그래서 자신들을 ‘의병(醫兵)’이라고 부른다. 감염병이 창궐할 때만 가치를 인정받고, 상황이 종료되면 바로 찬밥신세가 되어서다. 익명을 요구한 서울의 한 대학병원 감염내과 교수는 “신종 코로나와 같은 팬데믹 사태가 불시에 터질지 모르는데 언제까지 300명도 채 되지 않는 감염내과 전문의들에게 북 치고 장구까지 치라고 해야 할지 모르겠다”고 반문했다.전문의들이 부족한 현장은 비단 감염병 관련 병동뿐이 아니다. 서울의 한 대학병원에서 중환자 전담의로 근무하고 있는 마취통증의학과 전문의 A씨는 최근 이직을 고려하고 있다. 지난해 가을 중환자 치료분야 권위자가 되겠다는 일념으로 병원에 들어왔지만 현실은 이상과 달랐다. 처음에는 사명감으로 버텼지만 교대할 동료 전문의도 없이 혼자 24시간 중환자들을 살펴야 하는 육체적 고통이 그를 괴롭혔다. 병원에서는 수가가 낮아 추가로 전담의를 채용하는 게 무리라며 난색을 표했다. 중환자실에서 근무하는 간호사들과 전공의들은 “그렇게 근무하다가 선생님이 중환자실에 입원하겠다”고 걱정할 정도다. 홍성진 대한중환자의학회장(여의도성모병원 마취통증의학과 교수)은 “중환자 전담의가 2명 이상인 곳은 상급병원 몇 군데에 불과하다”며 “중환자들이 제대로 치료를 받기 위해서는 중환자 전담의가 최소 3명 이상 필요하다”고 말했다.신종 코로나 사태는 방역에서 시작해 경제 전반까지 우리 사회 곳곳의 약점과 상처를 날 것 그대로 노출시켰다. 이 가운데 의료 시스템과 전문인력 부족의 문제점은 특히 심각한 수준이었다. 음압병실을 비롯한 의료 인프라에 대한 준비부실은 2,000여명의 신종 코로나 확진자들을 병실 밖에 머물게 했고, 사태 초기 사망자 속출과 무관치 않았다는 지적이다. 이에 의료계 안팎에서는 물론 정치권에서도 십 수년 동안 이해관계에 묶여 손대지 못했던 의과대학 정원을 하루빨리 증원해 부족한 의료 전문인력을 늘려야 한다는 목소리가 높아지고 있다. ◇2030년 부족한 의사 7,600명 달해국내 진료현장에서 환자를 치료하고 있는 활동의사 인력은 경제협력개발기구(OECD) 평균인 3.3명(인구 1,000명당)에 비해 턱없이 적은 2.3명(한의사 포함)에 불과하다. 인구 5,000만명으로 따지면 OECD 평균에 비해 우리나라는 의사 5만명이 부족한 상황이다. 정부ㆍ여당은 이 정도 인력으로는 신종 코로나와 같은 팬데믹에 대처할 수 없다고 판단한다. 국내연구에서도 의사 수 부족문제는 지속적으로 제기되어 왔다. 한국보건사회연구원의 ‘주요 보건의료인력 중장기 수급전망’ 연구결과(2017년)에 따르면 2030년 부족의사 수는 7,600명에 달하다. 의료인력 수급이 제대로 이뤄지지 않은 배경엔 의대 정원이 지난 14년간 묶여 있는 영향이 크다는 게 중론이다. 보건복지부 의료자원정책과에 따르면 의대정원은 지난 2000년 3,253명에서 2006년 3,058명으로 줄어든 후 지금까지 동결상태다. 증원규모와 방법 등은 아직 공개되지 않았지만 복수의 정부ㆍ여당, 보건의료 전문가들을 취재한 결과, 당정은 필수진료ㆍ공공의료ㆍ취약지역을 중심으로 의대정원 증원을 우선 추진할 계획이다. 김윤 서울의대 의료관리학교실 교수는 “현재 정부ㆍ여당에서 ‘지역의료 인력정원’을 통해 의대인력을 증원하려고 하고 있다”며 “이 정원은 기존 의대정원과 달리 별도(특별전형)로 선발할 것”이라고 설명했다. 특별전형으로 선발된 인력들이 의대를 졸업하고 전문의 자격을 취득한 후 일정기간 지역의 민간ㆍ공공의료기관에서 근무하는 ‘의무복무기간’ 도입을 검토하겠다는 것이 당정이 만들고 있는 안의 핵심이다. 의무복무기간은 전문의 자격 취득 후 최소 8~10년까지 거론된다. 더불어민주당은 지난 4ㆍ15총선 당시 의대정원 확대를 통해 필수ㆍ공공ㆍ지역 의료인력을 확보하겠다고 공약했다. 어느 의대가 증원을 받을지도 관심사다. 김 교수는 “정치권에서는 전국의 40개 의과대학 전형을 모두 늘릴 것인지, 국립대 의대에 한정해 정원을 증원할지 등을 논의 중인 것으로 알고 있다”며 “당정은 적어도 정원이 80명은 돼야 의대에서 특별전형으로 선발된 인원을 교육할 수 있다고 판단해 정원이 80명이 되지 않는 의대의 정원을 80명으로 늘려 특별전형을 실시하는 것도 검토 중인 것으로 알고 있다”고 귀띔했다. 이 경우 지방과 규모가 적은 의대들에 동기부여를 할 수 있고, 사립대들의 반발을 최소화할 수 있어 대안으로 검토되고 있다는 것이다. 현재 40개 의대 중 정원이 80명이 되지 않는 의대는 23곳에 달한다.  ◇“지역?공공의료 시스템 개선 우선”정부ㆍ여당이 공공ㆍ필수 의료인력 확보를 명분으로 ‘의대정원’ 증원 카드를 꺼내 들자 대한의사협회 등 의사사회는 강하게 반발하고 있다. 의대정원만을 늘려서는 필수ㆍ공공ㆍ지역의 의료인력 확보를 할 수 없는데 정부ㆍ여당이 신종 코로나 사태를 핑계로 업적 부풀리기에 나서고 있다는 것이다. 성종호 대한의사협회 이사는 “신종 코로나 사태의 본질은 의료인력 부족보다 지역사회에 대규모로 감염병이 창궐했을 때 이를 치료할 수 있는 의료시스템이 갖춰지지 않은 것”이라며 “의사부족 문제를 해결하려면 의대정원 증원이 아니라 지역별 의료격차를 줄이는 게 우선”이라고 반발했다. 그는 “공공ㆍ필수인력 확보를 위해 특별전형을 해도 결국 이들은 전문의 자격을 취득한 후 수도권으로 몰릴 것”이라며 “의대정원을 늘리지 않고 기존 의대정원에서 10% 정도를 ‘지역인재 전형’으로 할애해 꾸준히 지역에서 일할 의사들을 배출하면 문제가 없을 것”이라고 주장했다. 의대 정원 늘리기가 지역 의료체계 개선으로 연결되지 않는다는 반론인 셈이다. 박지현 대한전공의협의회 회장도 “보건복지부와 교육부에서 자료를 공개하고 있지 않지만 지방의대를 졸업한 의대생이 지역이 아닌 수도권에서 전공의 수련과 개원을 하고 있는 것은 공공연한 비밀”이라며 “내년부터 의대정원을 늘린다고 해도 이들이 전문의 자격을 취득하는 10년 후 일을 어떻게 장담할 수 있을지 의문”이라고 강조했다. 일각에서는 “특별전형으로 입학한 학생들에게는 전문의 자격 취득 후 10~15년을 공공의료기관이나 지역 의료기관에서 근무하도록 강제해야 한다”(권성택 전국의과대학교수협의회 회장ㆍ서울대병원 성형외과 교수)는 현실적인 대안도 제시되고 있지만, 이 역시 직업선택의 자유ㆍ거주이전의 자유 등을 침해한다는 의사들의 반발도 만만찮다. 의대정원 증원을 요구하고 있는 쪽에서는 의사 수 부족과 수도권 쏠림 현상을 해결하기 위해서는 의사사회의 반대에 맞서야 한다고 주장한다. 정형준 인도주의실천의사협의회 공공위원장은 “우리나라는 소득수준 대비 의사 수가 부족한 나라이고, 대도시ㆍ특정 진료과목ㆍ대형병원 쏠림 현상이 극심해 문제를 해결하기 위해서는 의사인력 증원은 당연하다”며 “당장 내년부터 의대정원을 늘려도 전문의가 양성되기까지는 10년 이상이 걸려 지체할 시간이 없다”고 주장했다. 그는 “정부ㆍ여당에 의대정원 증원만 강조하고 있는데 의대증원을 통해 부족한 공공ㆍ필수 의료인력을 확보하기 위해서는 이들 인력이 배우고, 수련하고, 근무해야 하는 지역의 민간ㆍ공공의료기관의 시설과 인력의 질 개선도 병행돼야 할 것”이라고 강조했다. 김치중 기자 cjkim@hankookilbo.com",https://www.bigkinds.or.kr/resources/images/01101101/2020/05/25/01101101.20200525050314001.01.jpg,,국내 감염내과 전문의 코로나 의대 증원 코로나 상 평균 의사 부족 방역 의사 증원 모래성 당정 묶이다 의대 정원 증원 추진 의협 의료 개선 반발 병원 감염내과 전문의 자가 격리 들어가다 동료 교수 외래 선별 진료소 병원 전체 감염 관리 도맡다 상황 미안 걱정 신종 코로나 과로 쓰러지다 있다 의사 감염내과 전문의 대구 경북 중심 신종 코로나바이러스 감염증 코로나 확진 환자 쏟아지다 나오다 지나다 중순 진료 환자 신종 코로나 확진 판정 간 자가 격리 들어가다 김신우 경북대 감염내과 교수 소회 대한 감염 학회 지난해 기준 전국 활동 감염내과 전문의 김 교수 포함 신종 코로나 확진자 폭증 대구경북 감염내과 전문의 정도 지방 경우 전문 의료진 부족 상황 이 신종 코로나 누적 확진자 달하다 점 감안 감염내과 전문의 환자 치료 인구 기준 대비 따지다 감염내과 전문의 산술 맡다 국민 신종 코로나 팬데믹대 유행 닥치다 모르다 위험 사회 버티다 빈약 버팀목 감염내과 전문의 자신 의병 부르다 감염병 창궐 가치 상황 종료 찬밥 신세 익명 요구 서울 대학 병원 감염내과 교수 신종 코로나 팬데믹 사태 불시 터지다 모르다 감염내과 전문의 북 치다 장구 치다 모르다 반문 문의 부족 현장 감염병 관련 병동 서울 대학 병원 중환자 전담 근무 마취 통증 의학과 전문의 이직 고려 지난해 가을 환자 치료 분야 권위자 일념 병원 들어오다 현실 이상 다르다 처음 사명감 버티다 교대 동료 전문의 혼자 시간 환자 살피다 육체 고통 괴롭히다 병원 수가 낮다 추가 전담 채용 무리 난색 표 중환자실 근무 간호사 전공의 근무 선생 중환자실 입원 걱정 정도 홍성진 대한 중환자 학회장 여의도 성모 병원 마취통증의학과 교수 은 중환자 전담 이상 곳 상급 병원 중환자 치료 중환자 전담 최소 이상 필요 신종 코로나 사태 방역 시작 경제 전반 사회 곳곳 약점 상처 노출 가운데 의료 시스템 전문 인력 부족 문제점 심각하다 수준 음압 병실 의료 인프라 준비 부실 신종 코로나 확진자 병실 밖 머물다 사태 초기 사망자 속출 지적 의료 안팎 정치 동안 이해관계 묶이다 손대다 의과 대학 정원 증원 부족 의료 전문 인력 늘리다 목소리 높아지다 부족 의사 달하다 국내 진료 현장 환자 치료 활동 의사 인력 경제협력개발기구 평균 인구 비하다 적다 한의사 포함 인구 따지다 평균 비하다 우리나라 의사 부족 상황 정부 여당 정도 인력 신종 코로나 팬데믹 대처 판단 국내 연구 의사 수 부족 문제 지속 제기 한국보건사회연구원 주요 보건 의료 인력 중장기 수급 전망 연구 결과 부족 의사 수 달하다 의료 인력 수급 이뤄지다 배경 의대 정원 지나다 묶이다 영향 크다 중론 보건 복지부 의료 자원 정책과 의대 정원 지나다 줄다 후 지금 동결 상태 증원 규모 방법 공개 복수 정부 여당 보건 의료 전문가 취재 결과 당정 필수 진료 공공 의료 취약 중심 의대 정원 증원 추진 계획 김윤 서울의대 의료 관리 학교 실 교수 정부 여당 의료 인력 정원 의대 인력 증원 정원 기존 의대 정원 별도 특별 전형 선발 설명 특별 전형 선발 인력 의대 졸업 전문의 자격 취득 후 일정 기간 민간 공공 의료 기관 근무 의무 복무 기간 도입 검토 당정 만들다 안 핵심 의무 복무 기간 전문의 자격 취득 후 최소 거론 더불어민주당 지나다 총선 당시 의대 정원 확대 필수 공공 의료 인력 확보 공약 의대 증원 관심사 김 교수 정치 전국 의과대학 형 늘리다 국립대 의대 한정 정원 증원 논의 알다 당정 정원 의대 특별 전형 선발 인원 교육 있다 판단 정원 의대 정원 늘리다 특별 전형 실시 검토 알다 귀띔 경우 지방 규모 적다 의대 동기 부여 있다 사립대 반발 최소 있다 대안 검토 중 정원 의대 곳 달하다 공공 의료 시스템 개선 정부 여당 공공 필수 의료 인력 확보 명분 의대 정원 증원 카드 꺼내다 들다 대한의사협회 의사 사회 강하다 반발 의대 정원 늘리다 필수 공공 의료 인력 확보 정부 여당 신종 코로나 사태 핑계 업적 부풀리다 나서다 성종 호 대한의사협회 이사 신종 코로나 사태 본질 의료 인력 부족 사회 규모 감염병 창궐 치료 있다 의료 시스템 갖추다 의사 부족 문제 해결 의대 정원 증원 의료 격차 줄이다 우선 반발 공공 필수 인력 확보 특별 전형 전문의 자격 취득 후 수도권 몰리다 의대 정원 늘리다 기존 의대 정원 정도 인재 전형 할애 의사 배출 문제 주장 의대 정원 늘리다 의료 체계 개선 연결 반론 박지현 대한 전공의 협의회 회장 보건 복지부 교육부 자료 공개 지방 대 졸업 의대 수도 전공 수련 개원 비밀 내년 의대 정원 늘리다 전문의 자격 취득 후 장담 있다 의문 강조 일각 특별 전형 입학 학생 전문 자격 취득 후 공공 의료 기관 의료 기관 근무 강제 권성 택 전국 의과 대학 교수 협의회 회장 서울대병원 성형외과 교수 현실 대안 제시 직업 선택 자유 거주 이전 자유 침해 의사 반발 만만찮다 의대 정원 증원 요구 의사 수 부족 수도권 쏠림 현상 해결 의사 사회 반대 맞서다 주장 정형 인도주의 실천 의사 협의회 공공 위원장 나라 소득 수준 대비 의사 수 부족 나라 도시 특정 진료 과목 대 병원 쏠리다 현상 극심하다 문제 해결 의사 인력 증원 당연 당장 내년 의대 정원 늘리다 전문의 양성 이상 걸리다 지체 시간 주장 정부 여당 의대 정원 증원 강조 의대 증원 부족 공공 필수 의료 인력 확보 인력 배우다 수련 근무 민간 공공 의료 기관 시설 인력 질 개선 병행 강조 김치 기자
2020-05-25,한국일보,김치중,지역별 의료격차 이 지경 ‘1000명당 의사 수’ 서울 3명 vs 경북 1.3명,"[의대 증원? 코로나가 묻다] <상>1000명당 의사 평균 2.3명… OECD 기준 3.3명에 전국 ‘미달’경기 9253명·경북 2666명 부족… “감염내과 전문의 2배 늘려야” 경제협력개발기구(OECD) 조사에 따르면 우리나라의 인구 1,000명당 활동의사 수는 2.3명이지만, 지역별로 따져보면 이에 미치지 못하는 곳이 적지 않다. 절대적인 의료진 규모 부족은 물론 지역별 격차도 작지 않다는 얘기다. 24일 김윤 서울의대 의료보건학과 교수가 행정안전부 ‘주민등록인구현황’(2019년 10월 기준)을 근거로 인구 1,000명당 부족의사 수를 산출한 결과, 전국적으로 인구 1,000명당 활동의사 수가 2.3명이 되려면 2만3,641명의 의사가 더 필요한 것으로 산출됐다. 김 교수에 따르면 우리나라의 1,000명당 활동의사 수는 지역별로 편차가 컸다. 활동의사 수가 가장 많은 지역은 서울로 의사 수가 3.0명이었다. 광역시별로 보면 광주와 대전은 2.4명, 부산과 대구는 2.3명이었다. 인천과 울산은 각각 1.7명과 1.5명을 기록, 2명을 넘지 못했다. 도별로 보면 활동의사 수가 가장 많은 곳은 전북으로 2.0명이었다. 강원과 제주는 1.7명, 경기?전남?경남은 각각 1.6명을 기록했다. 충북과 충남은 각각 1.5명과 1.4명을 기록했고, 경북은 1.3명으로 활동의사 수가 가장 적었다. 전국의 1,000명당 활동의사 수를 OECD가 계산한 국내 평균 수치인 2.3명으로 끌어올리려면 2만3,641명의 의사가 더 필요했다. 지역별로는 경기가 9,253명을 충원해야 할 것으로 추산됐고, 경북은 2,666명, 경남은 2,355명, 충남은 2,215명, 전남은 1,306명이 각각 필요했다. 광역시 중 OECD 수치보다 낮은 인천(1.7명)은 1,774명, 울산(1.5명)은 920명의 의사가 각각 필요했다. 김윤 교수는 “의료계 일부에서 의사 수가 부족하지 않다는 주장을 굽히지 않고 있지만 지역별로 편차가 커 OECD 수치인 2.3명도 맞추지 못하고 있는 것이 현실”이라며 “국민들이 지역에서 의사들에게 최소한의 의료서비스를 제공받기 위해서는 각 지역별로 1,000명당 최소한 2명 이상 의사 수를 유지해야 한다”고 주장했다.  이와 함께 김 교수는 연구에서 공공의료기관, 중환자 및 감염관리 등 필수의료에 필요한 의사 수도 제시했다. 연구에 따르면 공공의료기관은 신축?증축?충원 등으로 1,694명의 의사인력이 더 필요한 것으로 나타났다. 중환자실 전담의는 489명이 추가로 요구됐다. 김 교수는 “건강보험심사평가원 자료(2018년 기준)에 따르면 우리나라 중환자실 전담의 1인당 중환자실 병상 수는 24.7개”라며 “전담의 1인당 10병상 정도가 돼야 중환자 사망률이 감소하는데 이를 위해서는 489명의 중환자 전담의가 충원돼야 한다”고 말했다. 현재 미국의 25% 수준에 불과한 국내 감염내과 전문의 수를 2배 가까이(275명→500명) 늘려야 신종 코로나와 같은 대규모 감염병 사태에 대응할 수 있다는 게 김 교수의 판단이다. 김치중 기자 cjkim@hankookilbo.com",https://www.bigkinds.or.kr/resources/images/01101101/2020/05/25/01101101.20200525050315001.01.jpg,,의료 격차 의사 수 서울 경북 의대 증원 코로나 상 의사 평균 기준 전국 미달 경기 경북 부족 감염내과 전문 배 늘리다 경제협력개발기구 조사 우리나라 인구 활동 의사 수 따지다 미치다 곳 적다 절대 의료진 규모 부족 격차 작다 얘기 김윤 서울 의대 의료 보건 학과 교수 행정 안전부 주민 등록 인구 현황 기준 근거 인구 부족 의사 수 산출 결과 전국 인구 활동 의사 수 의사 필요 산출 김 교수 나라 활동 의사 수 편차 크다 활동 의사 수 많다 서울 의사 수 광역시 광주 대전 부산 대구 인천 울산 기록 넘다 도 활동 의사 수 많다 곳 전북 강원 제주 경기 전남 경남 기록 충북 충남 기록 경북 활동 의사 수 적다 전국 활동 의사 수 가다 계산 국내 평균 수치 끌어올리다 의사 필요 경기 충원 추산 경북 경남 충남 전남 필요 광역시 수치 낮다 인천 울산 의사 필요 김윤 교수 의료 일부 의사 수 부족 주장 굽히다 편차 크다 수치 맞추다 현실 국민 의사 최소한 의료 서비스 제공 최소한 이상 의사 수 유지 주장 김 교수 연구 공공 의료 기관 환자 감염 관리 필수 의료 필요 의사 수 제시 연구 공공 의료 기관 신축 증축 충원 의사 인력 필요 나타나다 중환자실 전담 추가 요구 김 교수 건강 보험 심사 평가원 자료 기준 우리나라 중환자실 전담 인 중환자실 병상 수 전담 인 병상 정도 중환자 사망 감소 중환자 전담 충원 미국 수준 국내 감염내과 전문 수 배 늘리다 신종 코로나 규모 감염병 사태 대응 있다 김 교수 판단 김치 기자
2020-05-26,한국일보,"한덕동
기자",“고관절 골절인데 타박상 진단” 농어촌에 전문의가 없다,"[의대 증원? 코로나가 묻다] <하>인구 10만명당 치료 가능 사망률, 서울 강남구 30명 vs 경북 영양군 108명충북 청주에서 개인 사업을 하는 이모(55)씨는 요즘 고향만 생각하면 가슴이 답답해지는 증세가 생겼다. 올해 1월 어머니(84)의 낙상 사고 이후 생긴 트라우마 같다고 한다. 충북 음성군 금왕읍의 고향집에 혼자 계시는 어머니는 지난 설 명절 직전 마을회관을 다녀오다 언 땅에서 미끄러지는 사고를 당했다. 어머니는 즉시 주민들에 의해 읍내 개인 의원으로 이송됐다. 의원에서는 간단한 타박상이라며 까진 상처만 처치한 뒤 어머니를 돌려보냈다. 출장 차 타지에서 사고 소식을 접한 이씨는 사흘 뒤 고향집에 갔다가 깜짝 놀랐다. 치료를 잘 받았다는 어머니가 누워서 꼼짝도 못하고 있었다. 부랴부랴 1시간 거리의 청주시내 병원으로 어머니를 옮긴 그는 억장이 무너졌다. 골반뼈에 금이 가고 고관절이 골절됐다는 진단이 나왔다. 어머니는 응급 수술을 받은 뒤 다른 병원을 거쳐 3개월 동안 입원 신세를 져야 했다. 지금은 고향 집에서 힘겨운 재활의 시간을 보내고 있다. 이씨는 “수술 직전 의료진으로부터 ‘증세가 심각한데 왜 바로 모시고 오지 않았느냐’는 핀잔을 들었다”며 “처음 의원에서 제대로 진단하지 못한 것이 못내 아쉽다”고 심경을 토로했다. 이씨 가족의 사례는 열악하기 짝이 없는 지방 의료서비스의 현주소다. 전문 의료인력 및 시설이 대도시와 수도권에 몰리면서 지방 중소도시와 농어촌에선 의료 공백이 현실화하고 있다. 응급실이 없어서 치료 골든 타임을 놓치는가 하면, 분만 가능한 산부인과가 없어서 원정 출산을 가기도 한다. 이미 ‘의료절벽’ 상황까지 간 지역도 허다하다.인구 3만명 남짓한 충북 단양군에서는 2015년 4월 군내 유일의 종합병원인 S병원의 폐업으로 응급의료기관이 모두 사라졌다. 단양군은 이듬해 임시방편으로 군립 노인요양병원에 응급실을 마련, 운영에 들어갔다. 하지만 순번제로 돌아가는 당직 의사 가운데 응급의료에 대처할 수 있는 신경외과나 응급의학과 전문의는 한 명도 없다. 공중보건의를 포함한 의료진 6명 모두가 가정의학과, 소아청소년과 전공의여서 급한 수술은 꿈도 못꾼다. 심장질환, 외과수술 등 응급 환자가 생기면 1시간 거리의 제천시나 강원 원주시로 보내야 한다.군립의료원 설립 계획은 의료진 채용 문제로 한 발짝도 못나가고 있다. 단양군 관계자는 “사택 제공까지 내걸어도 군단위로 오겠다는 의사, 간호사가 없다. 의료진 구하기가 의료원 건립의 가장 큰 장벽”이라고 하소연했다. 지방의 의료인력 부족 현상은 산부인과에서 두드러진다. 농어촌의 출산 인프라가 붕괴되고 있는 가운데, 강원도는 상황이 가장 심각한 지역으로 꼽힌다. 분만시설을 갖춘 산부인과 병원이 2013년 31곳에서 지난해는 23곳으로 8곳이나 줄었다. 정선군 등 11개 군에는 아예 산부인과가 없다. 아이를 낳으려면 오가는 데만 2~3시간은 족히 걸리는 인근 도시로 가야 하는 처지다. 중소도시라고 사정이 나은 건 아니다. 최근 속초의 유일한 산부인과가 분만시설을 폐쇄하자 다급해진 강원도와 속초시가 속초의료원에 산부인과를 급조하기도 했다. 아이를 안전하게 낳을 인프라가 무너지는 상황에서 지자체의 출산율 높이기 시책은 ‘말짱 도루묵’일 수 밖에 없다.신종 코로나바이러스 감염증(코로나19) 사태는 고착화한 의료인력 양극화 현상을 확인하는 계기가 됐다. 감염병 전담병원으로 지정된 충북 충주의료원에는 호흡기내과 전문의가 없다. 1년 전 서울 등 대도시 의료기관보다 연봉을 더 주겠다는 조건으로 구인공고를 냈지만 지금까지 지원자는 단 1명도 없었다. 의료원 측은 “호흡기 전문의가 없어서 소화기내과 등 다른 내과 전문의들을 주축으로 신종 코로나 환자들을 돌보고 있다”고 전했다. 지역간 의료 격차는 갈수록 벌어지는 상황이다. 보건복지부의 2017년 국민보건의료 실태조사에 따르면 ‘인구 10만명당 치료가능 사망률’의 지역별 편차가 3배 이상 차이를 보였다. 치료가능 사망률이란 적절한 의료서비스를 받았다면 피할 수 있었던 죽음의 비율이다. 이 지표가 가장 낮은 서울 강남구는 29.6명인데 비해 충북에서 가장 높은 음성군은 86.3명이나 된다. 오지인 강원 양구군(92.0명), 경북 영양군(107.8명) 등과는 더 차이가 벌어진다. 면적이 넓고 교통이 불편한 경북은 치료가능 사망률이 심각 수준(61.2이상)인 곳이 12개 시군이나 되는 것으로 조사됐다. 강원과 충북은 각각 6개 시군에 달했다. 반면 서울ㆍ경기와 대전, 광주 등 수도권과 대도시는 평균 50 이하를 기록했다.전문가들은 한결같이 특단의 대책을 정부에 주문하고 있다. 그만큼 의료서비스 양극화에 따른 피해가 심각하다는 얘기다. 충북연구원 황명구(보건행정학) 박사는 “의료인력 불균형으로 인해 곳곳에서 국민 건강권이 위협받고 있다”며 “농어촌 등 의료취약 지역의 공공의료서비스 강화가 시급하다”고 말했다. 그는 “의대 증설과 정원 확대, 도시지역 은퇴의사 농어촌 배치, 전국 도립대에 간호학과 신설, 응급 전문의 처우 개선 등 복합적인 대책을 신속히 시행해야 한다”고 강조했다.청주=한덕동 기자 ddhan@hankookilbo.com 전국종합",https://www.bigkinds.or.kr/resources/images/01101101/2020/05/26/01101101.20200526050538001.01.jpg,,고관절 골절 타박상 진단 농어촌 전문의 의대 증원 코로나 하인 치료 가능 사망 서울 강남구 경북 영양군 충북 청주 개인 사업 이모 요즘 고향 생각 가슴 증세 생기다 올해 어머니 낙상 사고 이후 생기다 트라우마 충북 음성군 금왕읍 고향 집 계시다 어머니 지나다 설 명절 직전 마을 회관 다녀오다 얼다 땅 미끄러지다 사고 당하다 어머니 즉시 주민 의하다 읍내 개인 의원 이송 의원 간단하다 타박상 까지다 상처 처치 뒤 어머니 돌려보내다 출장 차 타지 사고 소식 접하다 이 사흘 뒤 고향 집 가다 놀라다 치료 어머니 거리 청주 시내 병원 어머니 옮기다 억장 무너지다 골반 뼈 금 가다 고관절 골절 진단 나오다 어머니 응급 수술 뒤 병원 거치다 동안 입원 신세 지다 지금 고향 집 재활 시간 보내다 이 수술 직전 의료진 증세 심각하다 모시다 핀잔 처음 의원 진단 심경 토로 이 가족 사례 짝 지방 의료 서비스 현주소 전문 의료 인력 시설 도시 수도 몰리다 지방 중소 도시 농어촌 서다 의료 공백 현실 응급실 치료 골든 타임 놓치다 분만 가능 산부인과 원정 출산 가다 의료 절벽 상황 가다 인구 충북 단양군 군내 유일 종합 병원 병원 폐업 응급 의료 기관 사라지다 단양군 이듬해 임시방편 군립 노인 요양 병원 응급실 마련 운영 들어가다 순번 돌아가다 당직 의사 가운데 응급 의료 대처 있다 신경외과 응급 의학과 전문의 공중 보건의 포함 의료진 모두 가정의학 소아 청소년과 전공의 급하다 수술 꿈 꾸다 심장 질환 외과 수술 응급 환자 생기다 거리 제천시 강원 원주시 보내다 군립 의료원 설립 계획 의료진 채용 문제 나가다 단양군 관계자 사택 제공 내걸다 군 단위 오다 의사 간호사 의료진 구하다 의료원 건립 크다 장벽 하소연 지방 의료 인력 부족 현상 산부인과 두드러지다 농어촌 출산 인프라 붕괴 가운데 강원도 상황 꼽히다 분만 시설 갖추다 산부인과 병원 곳 지난해 곳 곳 줄다 정선군 군 산부인과 아이 낳다 오가다 걸리다 인근 도시 가다 처지 중소 도시 사정 최근 속초 유일 산부인과 분만 시설 폐쇄 강원도 속초시 속초 의료원 산부인과 급조 아이 안전 낳다 인프라 무너지다 상황 지자체 출산 높이다 시책 도루묵 신종 코로나바이러스 감염증 코로나 사태 고착 의료 인력 양극 현상 확인 계기 감염병 전담 병원 지정 충북 충주 의료원 호흡기 내과 전문의 전 서울 도시 의료 기관 연봉 주다 조건 구인 공고 내다 지금 지원자 의료원 호흡기 전문의 소화기 내과 내과 전문의 주축 신종 코로나 환자 돌보다 전하다 의료 격차 벌어지다 상황 보건 복지부 국민 보건 의료 실태 조사 인구 치료 가능 사망 편차 배 이상 차이 보이다 치료 가능 사망 의료 서비스 피하다 있다 죽음 비율 지표 낮다 서울 강남구 비하다 충북 높다 음성군 오지 강원 양구군 경북 영양군 차이 벌어지다 면적 넓다 교통 불편 경북 치료 가능 사망 수준 이상 곳 시군 조사 강원 충북 시군 달하다 반면 서울 경기 대전 광주 수도 도시 평균 이하 기록 전문가 특단 대책 정부 주문 의료 서비스 양극 피해 심각하다 얘기 충북 연구원 황 명구 보건 행정학 박사 의료 인력 균형 인하다 곳곳 국민 건강 위협 농어촌 의료 취약 공공 의료 서비스 강화 시급하다 의대 증설 정원 확대 도시 은퇴 의사 농어촌 배치 전국 도립 간호학과 신설 응급 전문의 처우 개선 복합 대책 시행 강조 청주 덕 기자 전국 종합
2020-05-28,한국일보,김치중,"복지부, 의대 증원 검토 의협 “강행 땐 총파업” 반발","청와대, 코로나 이전 지난해 이미 지시 청와대가 의대정원 확대와 관련, 이미 지난해 하반기 보건복지부에 검토 지시를 내려 내부 검토작업이 진행 중인 것으로 전해졌다. 김윤 서울의대 의료보건학과 교수는 28일 본지와의 통화에서 “청와대에서 전문 의료인력 부족 현상을 해결하기 위해 지난해 하반기 보건복지부 등에 개원의를 증가시키지 않고 의사 수를 늘릴 수 있는 방안을 검토할 것을 주문한 것으로 알고 있다”고 밝혔다. 신종 코로나바이러스 감염증(코로나19) 사태 발생 전부터 청와대 측이 의료인력의 수도권 집중문제를 해소하고 공공ㆍ지역의료체계 기반을 강화하기 위한 대책을 준비해온 것이다.이날 김강립 중앙재난안전대책본부 제1총괄조정관(보건복지부 차관)도 신종 코로나 감염증(코로나19) 기자설명회에서 “정부 내에서 의료인력에 대한 주기적인 평가 제도가 운영되고 있다”며 “공공분야, 일부 진료과목, 일부 지역 등에서 인력부족 현상이 있고, 총량적으로도 경제협력개발기구(OECD) 평균에 비해 우리가 의사 수가 부족하다는 평가가 있다”고 말했다. 또 “이 부분에 대해서는 어제, 오늘의 논의가 아니라 상당히 오랫동안 논의가 진행되어 왔던 것은 사실”이라고 덧붙였다. 다만 김 조정관은 “구체 논의는 21대 국회 출범 후 정부 내부와 국회와의 소통과 함께 관련 전문가들과 각계 의견을 듣는 것이 선행돼야 이뤄질 것”이라고 말했다.여당인 더불어민주당도 당정간 물밑작업을 인정했다. 허윤정 의원은 “의대정원 확대와 관련 기존 의과대학의 지역할당 등 다양한 방안을 모색하고 있다”며 “의대정원 문제가 어떤 방향으로 가닥을 잡느냐에 따라서 교육부와의 협의범위가 달라질 것이지만 현재는 관련 부서가 개방적인 상태에서 협의를 추진하고 있다”고 밝혔다. 반면 대한의사협회(의협)는 ‘총파업’ 카드를 꺼내는 등 의사사회가 거세게 반발하고 있다. 최대집 의협 회장은 28일 본지와의 통화에서 “코로나19 사태가 진행 중인 마당에 의사들의 반대에도 불구하고 당정이 어째서 의대정원 증원에 집착하는지 이유를 알 수 없다”며 “정부가 의대정원 증원을 밀고 나가면 전국 의과대학생, 전공의, 개원의, 봉직의 등 전체 의사들의 뜻을 모아 총파업에 나설 수밖에 없다”고 밝혔다. 그는 또 “총파업 준비는 당장 다음 주부터 시작할 것”이라고 덧붙였다.최 회장은 정부가 의대정원 증원의 명분으로 내세우고 있는 전문 의료인력 부족에 대해 “신종 코로나 사태에서 보았듯 우리가 해야 할 일은 의사 수를 늘리는 것이 아니라 지역 간 의료인력 편차를 줄이고 의료의 질을 개선해야 하는 것”이라며 “지금 우리가 의사 수가 부족해 신종 코로나 사태에 대응을 못하고 있나”고 반문했다. 무리하게 의대정원을 증원하면 제2의 서남의대 사태가 초래될 수 있다는 주장도 제기했다. 최 회장은 “부실하게 의대생들을 교육한 서남의대를 폐지하는데 10년이 걸렸다”며 “서남의대는 기초ㆍ임상교수들의 질이 상상을 초월할 정도로 끔찍했는데 의대정원만 확대하면 교육의 질을 담보할 수 없어 피해를 보는 것은 국민”이라고 비판했다. 그는 “아무리 질 나쁜 교육을 받아도 한번 의사가 되면 평생 의사로서 환자를 보는데 그런 사람들에게 몸을 맡기고 싶은지 국민들에게 물어보고 싶다”며 “결국 정부는 의사 수를 늘려 싼값에 의사들을 부려먹기 위해 의대정원을 확대하려고 하는 것”이라고 덧붙였다. 의대정원 확대 효과를 보기 위해서는 사실상 붕괴된 의료전달체계 개선이 필요하다는 주장도 제기됐다. 권성택 전국의과대학교수협의회 회장(서울의대)은 “증원된 의료 인력들이 1차?공공의료 부문에서 일을 할 수 있도록 의료전달체계를 강화하지 않으면 지금처럼 수도권 집중현상만 초래하게 될 것”이라며 “정부가 국민의 건강권 확보를 위해 보다 큰 그림을 갖고 의대정원 증원문제를 풀어나가야 할 것”이라고 주장했다.김치중기자 cjkim@hankookilbo.com",https://www.bigkinds.or.kr/resources/images/01101101/2020/05/28/01101101.20200528050511002.01.jpg,,복지부 의대 증원 검토 의협 강행 총파업 반발 청와대 코로나 이전 지난해 지시 청와대 의대 정원 확대 관련 지난해 하반기 보건복지부 검토 지시 내리다 내부 검토 작업 진행 전하다 김윤 서울의대 의료 보건 학과 교수 본지 통화 청와대 전문 의료 인력 부족 현상 해결 지난해 하반기 보건복지부 개원의 증가 의사 수 늘리다 있다 방안 검토 주문 알다 밝히다 신종 코로나바이러스 감염증 코로나 사태 발생 전 청와대 의료 인력 수도 집중 문제 해소 공공 의료 체계 기반 강화 대책 준비 날 김 강 립 중앙재난안전대책본부 제1 총괄 조정관 보건 복지 부 차관 신종 코로나 감염증 코로나 기자 설명회 정부 의료 인력 주기 평가 제도 운영 공공 분야 일부 진료 과목 일부 인력 부족 현상 총량 경제협력개발기구 평균 비하다 의사 수 부족 평가 부분 어제 오늘 논의 오랫동안 논의 진행 사실 덧붙이다 김 조정관 구체 논의 국회 출범 후 정부 내부 국회 소통 관련 전문가 각계 의견 선행 이루다 여당 더불어민주당 도 당정 물밑 작업 인정 허윤정 의원 의대 정원 확대 관련 기존 의과 대학 할당 다양 방안 모색 의대 정원 문제 방향 가닥 교육부 협의 범위 달라지다 현재 관련 부서 개방 상태 협의 추진 밝히다 반면 대한의사협회 의협 총파업 카드 꺼내다 의사 사회 거세다 반발 최대 집 의협 회장 본지 통화 코로나 사태 진행 의사 반대 불구하다 당정 의대 정원 증원 집착 이유 알다 정부 의대 정원 증원 밀다 나가다 전국 의과대 학생 전공의 개원의 봉직 등 전체 의사 뜻 모으다 총파업 나서다 밝히다 총파업 준비 당장 다음 주 시작 덧붙이다 최 회장 정부 의대 정원 증원 명분 내세우다 전문 의료 인력 부족 신종 코로나 사태 의사 수 늘리다 의료 인력 편차 줄이다 의료 질 개선 의사 수 부족 신종 코로나 사태 대응 반문 무리 의대 정원 증원 서남 의대 사태 초래 있다 주장 제기 최 회장 부실 의대 교육 서남 대 폐지 걸리다 서남 기초 임상 교수 질 상상 초월 정도 의대 정원 확대 교육 질 담보 피해 국민 비판 질 나쁘다 교육 의사 평생 의사 환자 몸 맡기다 국민 정부 의사 수 늘리다 싼값 의사 부리다 의대 정원 확대 덧붙이다 의대 정원 확대 효과 사실 붕괴 의료 전달 체계 개선 필요 주장 제기 권성 택 전국 의과 대학 교수 협의회 회장 서울의대 은 증원 의료 인력 차 공공 의료 부문 있다 의료 전달 체계 강화 지금 수도 집중 현상 초래 정부 국민 건강 확보 크다 그림 갖다 의대 정원 증원 문제 풀다 주장 김치 기자
2020-06-18,문화일보,김기현,정부 여당 의대 증원 검토에 의사 수 부족한 남부지역 중심 의대 유치전 본격 시작,"지역 주민 숙원사업 해결하고 관련 의·과학 산업 클러스트와 연계해 발전 기대감 정부·여당이 31년 만에 의과대학 증원(500명 이상)을 검토하고 있는 가운데 벌써부터 의사가 부족한 남부권을 중심으로 의대 유치전이 시작되고 있다. 부산, 전남 목포·순천, 경남 창원, 경북 포항 등은 최상위권 인재 유치와 함께 주변 바이오·의과학 첨단 산업단지 육성, 지역주민 숙원사업 해결 등을 이유로 유치전에 뛰어들고 있는 것이다.  부경대와 부산시, 기장군은 현재 건설 중인 ‘동남권 방사선 의·과학 산업단지’의 교육시설부지 11만1437㎡에 방사선 의과대학을 포함한 기장캠퍼스 설립을 위해 오는 24일 공동 협약을 체결한다. 주변 주민들 숙원 사업으로 방사선 의대와 방사선 의학 기초·응용 연구를 위한 대학원을 설립하고, 인근 암치료전문병원인 동남권원자력의학원과 연계해 중입자가속기·신형 연구로 도입으로 동북아 최고의 방사선 치료· 연구대학을 추진하고 있다. 손동운 부경대 교수는 “부산·울산·경남권 의대 정원은 459명으로 대입 수험생 숫자 기준 전국 권역별 최저이고, 부산의 의사 수(인구 1000명당 2.23명)도 전국 5대 도시 중 제일 적어 공공의료를 중심으로 의대 신설이 꼭 필요하다”고 말했다.  17개 광역지방자치단체 중 유일하게 의대가 없는 전남도도 30년 지역민 숙원사업 해결을 위해 적극적이다. 전남도는 의대 유치를 위해 송상락 행정부지사를 단장으로 태스크포스(TF)팀을 발족하고, 범도민 유치추진위원회 출범, 국회 정책포럼 추진, 범도민 서명운동 등을 추진한다. 섬과 오지가 많은 전남은 타 시·도에 비해 의료 환경을 열악하고 고령 인구 비율이 높아 이미 ‘의대 유치’를 올해 3대 과제 중 하나로 정했다. 다만 유치 희망 지역이 목포(목포대)와 순천(순천대) 등 2곳으로 나뉘어 있어 한 곳으로 결정해야 한다.  창원대도 의대 유치를 위해 지역 국회의원과 경남도, 의료계, 상공계 등으로 전담조직을 만들어 설립 타당성 연구 및 프로그램 개발, 부속병원, 교과과정, 재원 확보 방안 등을 마련키로 했다. 창원 한마음병원(이사장 하충식)도 내년 3월 창원 중앙역세권에 개원하는 1000병상 규모의 신축 창원한마음병원을 기반으로 의대유치전에 나섰다. 하 이사장 일가는 지난 8일 의대 유치를 위해 20억 원의 기금을 약정했고, 익명의 기탁자 2명이 8억 원을 기탁하기로 한 데 이어 소액기탁자도 줄을 잇고 있다.  포항시는 최첨단 과학시설이 갖춰진 포항에 동해권역 의료허브로 의대 유치에 나섰다. 포항은 4세대 방사광 가속기와 세포막단백질연구소 등이 속속 들어서고 있어 바이오·의료·소재 등 공동연구를 위한 의대 설립에 최적의 조건을 갖추고 있다는 것이다. 시는 관련 연구용역조사 결과가 이달 중 나오면 지역 대학과 연계해 유치에 나설 예정이다. 그러나 의료계는 “의대 증원이 추진돼도 신설 의대보다는 기존 의대 충원 중심일 가능성이 있고, 현재 의사협회가 강력히 반발하고 있어 증원계획에 대한 논란은 여전하다”고 전망했다. 부산=김기현·광주=정우천·창원=박영수·포항=박천학 기자",,http://www.munhwa.com/news/view.html?no=20200618MW120249448188,정부 여당 의대 증원 검토 의사 수 부족 남부 중심 의대 유치 전 본격 시작 주민 숙원 사업 해결 관련 과학 산업 클러스트 연계 발전 기대감 정부 여당 의과 대학 증원 이상 검토 가운데 의사 부족 남부 중심 의대 유치 전 시작 부산 전남 목포 순천 경남 창원 경북 포항 상위 인재 유치 주변 바이오 과학 첨단 산업 단지 육성 주민 숙원 사업 해결 이유 유치 전 뛰어들다 부경대 부산시 기장군 건설 동남 방사선 과학 산업 단지 교육 시설 부지 방사선 의과대학 포함 기장 캠퍼스 설립 오다 공동 협약 체결 주변 주민 숙원 사업 방사선 의대 방사선 의학 기초 응용 연구 대학원 설립 인근 암 치료 전문 병원 동남권원자력의학원 연계 중 입자 가속기 신형 연구 도입 동북아 최고 방사선 치료 연구 대학 추진 손동운 부경대 교수 부산 울산 경남 의대 정원 대입 수험 숫자 기준 전국 권역 최저 부산 의사 수 인구 전국 대 도시 적다 공공 의료 중심 의대 신설 필요 광역 지방 자치 단체 유일 의대 전남도 지역민 숙원 사업 해결 적극 전남도 의대 유치 송상 락 행정 부지사 단장 태스크포스 팀 발족 도민 유치 추진 위원회 출범 국회 정책 포럼 추진 도민 서명 운동 추진 섬 오지 많다 전남 시도 비하다 의료 환경 열악하다 고령 인구 비율 높다 의대 유치 올해 대 과제 정하다 유치 희망 목포 목포대 순천 순천대 곳 나뉘다 곳 결정 창원 의대 유치 국회의원 경남 의료 상공 전담 조직 만들다 설립 타당성 연구 프로그램 개발 부속 병원 교과 과정 재원 확보 방안 마련 키 창원 한마음병원 이사장 하충식 내년 창원 중앙 역세권 개원 병상 규모 신축 창원 한마음 병원 기반 의대 유치 전 나서다 하 이사장 일가 지나다 의대 유치 기금 약정 익명 기탁자 기탁 소액 기탁자 줄 포항시 첨단 과학 시설 갖추다 포항 동해 권역 의료 허브 의대 유치 나서다 포항 세대 방사 가속기 세포막 단백질 연구소 들어서다 바이오 의료 소재 공동 연구 의대 설립 최적 조건 갖추다 시 관련 연구 용역 조사 결과 이달 나오다 대학 연계 유치 나서다 예정 의료 의대 증원 추진 신설 의대 기존 충원 중심 가능 의사 협회 반발 증원 계획 논란 여전하다 전망 부산 김기현 광주 정 우천 창원 박영수 포항 박천 학 기자
2020-07-14,조선일보,허상우 기자,"의협, 오늘부터 의대 증원 원격의료 등 설문조사 ""총파업할지 판단""","대한의사협회가 14일부터 21일까지 일주일간 회원들을 대상으로 원격의료와 공공의대 신설, 의대정원 증원, 한방첩약 급여화 등 정부의 4대 의료정책에 대한 의견을 묻는 설문조사를 실시한다. 이 같은 정부의 의료정책을 ‘4대 악(惡)’으로 규정해온 의협이 회원들의 의견을 토대로 향후 총파업 실시 등 정부에 대한 압박 수위를 높일지 판단하기 위한 설문조사로 풀이된다. 12개의 설문 항목에는 한방첩약 급여화 시범사업, 잠정 4000명의 의과대학 입학정원 증원방침, 국립공공의대 설립 법안 발의‧지자체 의과대학 유치경쟁, 원격의료(비대면진료) 도입이 의료계에 미칠 영향을 묻는 문항이 포함돼 있다. ‘의료 4대악에 대해 의료계의 정책 중단 촉구에도 불구하고 태도 변화가 없다면 의협이 어떻게 대응해 나가야 하는지’를 묻는 문항도 있다. 의협 김대하 대변인은 “정부는 의료인이 자부심을 가지고 최선의 진료를 펼칠 수 있는 환경을 구축하기는 커녕, 오히려 혼란한 틈을 이용해 그동안 의료계가 반대해온 정책들을 기습적, 일방적으로 추진하고 있다”며 “이번 설문조사 결과를 바탕으로 향후 대응방향을 결정하게 될 것“이라고 했다. 김 대변인은 또 “정부가 마치 코로나19가 다 끝났다는듯 명분도 없고 실효성도 없는 정책을, 그것도 의료계가 반대하는 것만 골라서 추진하고 있다”며 “코로나19 사태가 장기화되고 있는 지금, 세계 어느나라 정부가 이렇게 한가한지 모르겠다”고 했다. “정부의 일방적인 정책 추진은 지난 반년간 묵묵하게 참고 버텨온 의사의 등에 비수를 꽂는 행위”라는 기존 입장도 되풀이했다. 의협은 앞서 지난 11일 경북 경주 코오롱호텔에서 열린 전국광역시도회장단협의회 제10차 회의에서 “정부의 4대악 정책에 맞서 의료계가 단합해 강경 대응해 나가자”는 의견을 모았다고 13일 전했다. 최대집 의협 회장은 이날 “정부는 의료계를 피할 수 없는 투쟁의 외길로 몰아넣고 있다”며 “의료정책은 의료전문가의 의견이 반영되어져야 진정 국민건강을 위한 제도로 안착되는 것”이라고 했다. 또 “의료 4대악 정책으로 인하여 대한민국 의료시스템의 근간이 붕괴될 것이다. 전 의료계가 힘을 합쳐 저지해야 한다”고 했다. 전국광역시도회장단협의회는 11일 회의에서 정부가 의료계의 의견을 무시하고 4대악 의료정책을 일방적으로 추진해 나갈 경우 총파업투쟁을 포함한 대정부 투쟁에 나설 것을 결의했다고 의협은 전했다.",https://www.bigkinds.or.kr/resources/images/01100801/2020/07/14/01100801.20200714081507001.01.jpg,https://news.chosun.com/site/data/html_dir/2020/07/13/2020071303529.html?utm_source=bigkinds&utm_medium=original&utm_campaign=news,의협 오늘 의대 증원 원격 의료 설문 조사 총파업 판단 대한의사협회 일주일간 회원 대상 원격 의료 공공 신설 의대 정원 증원 방첩 약 급여 정부 대 의료 정책 의견 설문 조사 실시 정부 의료 정책 대 악 규정 의협 회원 의견 토대 향후 총파업 실시 정부 압박 수위 높이다 판단 설문 조사 풀이 설문 항목 방첩 약 급여 시범 사업 잠정 의 과 대학 입학 정원 증원 방침 국립 공공 설립 법안 발의 지자체 의과 대학 유치 경쟁 원격 의료 대면 진료 도입 의료 미치다 영향 문항 포함 의료 대 악 의료 정책 중단 촉구 불구하다 태도 변화 의협 대응 문항 의협 김 대하 대변인 정부 의료인 자부심 가지다 최선 진료 펼치다 있다 환경 구축 혼란 틈 이용 그동안 의료 반대 정책 기습 일방 추진 이번 설문 조사 결과 바탕 향후 대응 방향 결정 김 대변인 정부 코로나 끝나다 명분 실효 정책 의료 반대 고르다 추진 코로나 사태 장기 세계 나라 정부 모르다 정부 일방 정책 추진 지나다 반년 참다 버티다 의사 등 비수 꽂다 행위 기존 입장 되풀이 의협 지나다 경북 경주 코오롱 호텔 열리다 전국 광역 시도 회장단 협의회 회의 정부 대 악 정책 맞서다 의료 단합 강경 대응 의견 모으다 전하다 최대 집 의협 회장 이날 정부 의료 피하다 투쟁 외길 몰아넣다 의료 정책 의료 전문가 의견 반영 국민 건강 제도 안착 의료 대 악 정책 인하다 대한민국 의료 시스템 근간 붕괴 의료 힘 합치다 저지 전국 광역시 회장단 협의회 회의 정부 의료 의견 무시 대 악 의료 정책 일방 추진 경우 총파업 투쟁 포함 대정부 투쟁 나서다 결의 의협 전하다
2020-07-15,국민일보,김준엽 기자,15년 만에 의대 정원 늘어난다 김태년 “공공의대 설립 추진”,"15년째 동결된 의대 정원이 늘어날 것으로 전망된다.  더불어민주당 김태년 원내대표는 15일 최고위원회의에서 “총선 이후 당정청은 공공의대 설립과 의대 정원 확대를 논의해 지역 필수 인력, 역학조사관 등 특수전문과목 인력, 기초과학 및 제약바이오 분야 인력 확충을 위해 의대 증원을 결정했다”고 밝혔다. 의대 정원은 15년째 동결된 상태다.  김 원내대표는 “규모와 추진 방향은 당정 협의를 거쳐 발표할 계획”이라고 덧붙였다.  그는 “코로나19 이후 감염병이 일상화된 세상이 되면 의료진의 헌신에만 의존할 수 없다”면서 “당정은 공공의료와 지역 의료 기반을 강화하기 위해 의료 인력을 확충할 것”이라고 설명했다.  김 원내대표는 “공공의대 설립도 추진하겠다”며 “공공의대는 공공분야 의사를 위한 의료사관학교가 될 것”이라고 덧붙였다.  김 원내대표는 관련 법안을 21대 국회에서 추진하겠다며 미래통합당의 협조를 촉구했다.  김준엽 기자 snoopy@kmib.co.kr",https://www.bigkinds.or.kr/resources/images/01100201/2020/07/15/01100201.20200715104202001.01.jpg,http://news.kmib.co.kr/article/view.asp?arcid=0014803440&code=61111111&cp=kd,의대 정원 늘어나다 김태년 공공 의대 설립 추진 동결 의대 정원 늘어나다 전망 더불어민주당 김태년 원내 대표 최고 위원 회의 총선 이후 당정청 공공 대 설립 의대 정원 확대 논의 필수 인력 역학 조사관 특수 전문 과목 인력 기초 과학 제약 바이오 분야 인력 확충 의대 증원 결정 밝히다 의대 정원 동결 상태 김 원내 대표 규모 추진 방향 당정 협의 거치다 발표 계획 덧붙이다 코로나 이후 감염병 일상 세상 의료진 헌신 의존 당정 공공 의료 의료 기반 강화 의료 인력 확충 설명 김 원내 대표 공공 대 설립 추진 공공 공공 분야 의사 의료 사관학교 덧붙이다 김 원내 대표 관련 법안 국회 추진 미래 통합 당 협조 촉구 김준엽 기자
2020-07-15,조선일보,선정민 기자,"김태년 ""의대 정원 확대하겠다 공공의대 설립 추진""","더불어민주당 김태년 원내대표는 15일 ""15년간 동결한 의대 정원을 확대하겠다""고 했다.  김 원내대표는 이날 최고위원회의에서 ""총선 이후 당정청은 공공의대 설립과 의대 정원 확대를 논의해 지역 필수 인력, 역학조사관 등 특수전문과목 인력, 기초과학 및 제약바이오 분야 인력 확충을 위해 의대 증원을 결정했다""며 이같이 말했다. 이어 ""규모와 추진 방향은 당정 협의를 거쳐 발표할 계획""이라고 했다. 그는 또 ""공공의대 설립도 추진하겠다""며 ""공공의대는 공공분야 의사를 위한 의료사관학교가 될 것""이라고 했다. 그는 ""보건의료 학계는 코로나19 이후 감염병이 일상화된 세상에서 살 수도 있다고 경고한다. 더이상 의료진의 헌신에만 의존할 수 없다. 당정은 공공의료와 지역 의료 기반을 강화하기 위해 의료 인력을 확충할 것""이라고 했다. 김 원내대표는 관련 법안을 21대 국회에서 추진하겠다며 미래통합당의 협조를 촉구했다.",https://www.bigkinds.or.kr/resources/images/01100801/2020/07/15/01100801.20200715113020001.01.jpg,https://news.chosun.com/site/data/html_dir/2020/07/15/2020071501788.html?utm_source=bigkinds&utm_medium=original&utm_campaign=news,김태년 의대 정원 확대 공공 의대 설립 추진 더불어민주당 김태년 원내 대표 동결 의대 정원 확대 김 원내 대표 이날 최고 위원 회의 총선 이후 당정청 공공 대 설립 의대 정원 확대 논의 필수 인력 역학 조사관 특수 전문 과목 인력 기초 과학 제약 바이오 분야 인력 확충 의대 증원 결정 규모 추진 방향 당정 협의 거치다 발표 계획 공공 의대 설립 추진 공공 공공 분야 의사 의료 사관학교 보건 의료 학 코로나 이후 감염병 일상 세상 살다 있다 경고 이상 의료진 헌신 의존 당정 공공 의료 의료 기반 강화 의료 인력 확충 김 원내 대표 관련 법안 국회 추진 미래 통합 당 협조 촉구
2020-07-15,내일신문,박준규,"김태년 ""의대 정원 확대""","더불어민주당 김태년 원내대표가 15일 ""15년간 동결한 의대 정원을 확대하겠다""고 밝혔다.  김 원내대표는 이날 최고위원회의 모두발언에서 ""총선 이후 당정청은 공공의대 설립과 의대 정원 확대를 논의해 지역 필수 인력, 역학조사관 등 특수전문과목 인력, 기초과학 및 제약바이오 분야 인력 확충을 위해 의대 증원을 결정했다""며 ""규모와 추진 방향은 당정 협의를 거쳐 발표할 계획""이라고 말했다. 그는 또 ""공공의대는 공공분야 의사를 위한 의료사관학교가 될 것""이라고 덧붙였다.  김 원내대표는 ""보건의료 학계는 감염병이 일상화된 세상에서 살 수도 있다고 경고한다. 더이상 의료진의 헌신에만 의존할 수 없다""고 말했다. 이어 ""당정은 관련 법안을 21대 국회에서 추진하겠다""며 미래통합당의 협조를 주문했다.",,http://www.naeil.com/news_view/?id_art=355861,김태년 의대 정원 확대 더불어민주당 김태년 원내 대표 동결 의대 정원 확대 밝히다 김 원내 대표 이날 최고 위원 회의 모두 발언 총선 이후 당정청 공공 대 설립 의대 정원 확대 논의 필수 인력 역학 조사관 특수 전문 과목 인력 기초 과학 제약 바이오 분야 인력 확충 의대 증원 결정 규모 추진 방향 당정 협의 거치다 발표 계획 공공 공공 분야 의사 의료 사관학교 덧붙이다 김 원내 대표 보건 의료 학계 감염병 일상 세상 살다 있다 경고 이상 의료진 헌신 의존 당정 관련 법안 국회 추진 미래 통합 당 협조 주문
2020-07-15,서울신문,신융아,김태년 “의대 정원 확대 공공의대 설립도 추진”,"더불어민주당 김태년 원내대표가 15일 의대 정원을 확대하고, 공공의대 설립을 추진하겠다고 밝혔다.김 원내대표는 이날 최고위원회의에서 “15년간 동결한 의대 정원을 확대하겠다”면서 “총선 이후 당정청은 공공의대 설립과 의대 정원 확대를 논의해 지역 필수 인력, 역학조사관 등 특수전문과목 인력, 기초과학 및 제약바이오 분야 인력 확충을 위해 의대 증원을 결정했다”고 말했다.규모와 추진 방향은 당정 협의를 거쳐 발표한다는 계획이다.김 원내대표는 또 “공공의대 설립도 추진하겠다”며 “공공의대는 공공분야 의사를 위한 의료사관학교가 될 것”이라고 말했다.민주당은 지난 20대 국회에서도 ‘국립공공보건의료대학 설립운영에 관한 법’(공공의대 설립법)을 추진했으나 야당의 강한 반대에 부딪혀 통과하지 못했다.그러나 코로나19 사태로 공공 의료 인력 확보 필요성이 더욱 커지면서 다시 한번 중요 안건으로 떠오르게 됐다.김 원내대표는 “보건의료 학계는 코로나19 이후 감염병이 일상화된 세상에서 살 수도 있다고 경고한다. 더 이상 의료진의 헌신에만 의존할 수 없다”면서 “당정은 공공의료와 지역 의료 기반을 강화하기 위해 의료 인력을 확충할 것”이라고 말했다.아울러 관련 법안 통과를 위해 미래통합당의 협조를 촉구했다.신융아 기자 yashin@seoul.co.kr",https://www.bigkinds.or.kr/resources/images/01100611/2020/07/15/01100611.20200715163829001.01.jpg,http://www.seoul.co.kr/news/newsView.php?id=20200715500147,김태년 의대 정원 확대 공공 의대 설립 추진 더불어민주당 김태년 원내 대표 의대 정원 확대 공공 대 설립 추진 밝히다 김 원내 대표 이날 최고 위원 회의 동결 의대 정원 확대 총선 이후 당정청 공공 대 설립 의대 정원 확대 논의 필수 인력 역학 조사관 특수 전문 과목 인력 기초 과학 제약 바이오 분야 인력 확충 의대 증원 결정 규모 추진 방향 당정 협의 거치다 발표 계획 김 원내 대표 공공 의대 설립 추진 공공 공공 분야 의사 의료 사관학교 민주당 지나다 국회 국립 공공 보건 의료 대학 설립 운영 관하다 법 공공 설립 법 추진 야당 강하다 반대 부딪히다 통과 코로나 사태 공공 의료 인력 확보 필요 커지다 한번 중요 안건 떠오르다 김 원내 대표 보건 의료 학 코로나 이후 감염병 일상 세상 살다 있다 경고 이상 의료진 헌신 의존 당정 공공 의료 의료 기반 강화 의료 인력 확충 관련 법안 통과 미래 통합 당 협조 촉구 신융아 기자
2020-07-16,서울신문,임송학,남원 국립공공의료대학원 설립 전망,"전북 남원 공공의료대학원 설립이 본격 추진된다.16일 전북도와 남원시에 따르면 정부와 여당이 15년간 동결한 의대 정원을 확대하고 공공의대 설립도 추진하겠다고 밝혔다.더불어민주당 김태년 원내대표는 지난 15일 최고위원회의에서 “총선 이후 당정청은 공공의대 설립과 의대 정원 확대를 논의해 지역 필수 인력, 역학조사관 등 특수전문과목 인력, 기초과학 및 제약바이오 분야 인력 확충을 위해 의대 증원을 결정했다”고 말했다.그는 또 “공공의대 설립도 추진하겠다”며 “공공의대는 공공분야 의사를 위한 의료사관학교가 될 것”이라고 덧붙였다.정부와 여당의 이같은 방침은 코로나19 이후 감염병이 일상화된 상황에 공공의료와 지역 의료 기반 강화가 시급하다고 판단했기 때문이다.국회 보건복지위원회도 이날 전체회의를 열고 공공의대 설립 관련 법을 포함한 126개 법안을 법안심사소위에 상정했다.이번에 상정된 법안은 오는 21일 법안소위를 열고 심의·의결한 뒤 곧바로 전체회의에서 의결해 법사위에 상정할 방침이다.전북도와 남원시는 20대 국회에서 불발된 남원 국립공공의대 설립 법안이 21대 국회에서 통과될 수 있도록 정치권과 긴밀하게 협의할 방침이다.국립공공의대는 2018년 폐교된 서남대 의대 정원(40명)을 토대로 감염, 응급, 외상, 분만 등 공공의료 전문가를 배출해 의료 인력의 불균형을 해소하고 지역간 의료격차를 좁히기 위한 것이다. 공공의대는 코로나19 사태 이후 중요성과 시급성이 더욱 대두됐다.국립공공보건의료대학 설립 및 운영에 관한 법률안은 국회 이용호(무소속·남원임실순창)이 21대 국회 개원 후 제1호 법안으로 을 대표 발의했다.앞서 국립공공의대 설립도 이 의원이 서남대 폐교 대안으로 최초 제안했다. 2018년 더불어민주당과 보건복지부가 전북 남원에 공공의대 설립을 발표했다. 그러나 미래통합당 의원들과 의사협회 반대로 20대 국회가 임기만료되면서 자동폐기됐다.전주 임송학 기자 shlim@seoul.co.kr",,http://www.seoul.co.kr/news/newsView.php?id=20200716500076,남원 국립 공공 의료 대학원 설립 전망 전북 남원 공공 의료 대학원 설립 본격 추진 전북도 남원시 정부 여당 동결 의대 정원 확대 공공 대 설립 추진 밝히다 더불어민주당 김태년 원내 대표 지나다 최고 위원 회의 총선 이후 당정청 공공 대 설립 의대 정원 확대 논의 필수 인력 역학 조사관 특수 전문 과목 인력 기초 과학 제약 바이오 분야 인력 확충 의대 증원 결정 공공 의대 설립 추진 공공 공공 분야 의사 의료 사관학교 덧붙이다 정부 여당 방침 코로나 이후 감염병 일상 상황 공공 의료 의료 기반 강화 시급하다 판단 국회 보건 복지 위원회 이날 전체 회의 열다 공공 설립 관련 법 포함 법안 법안 심사 소위 상정 이번 상정 법안 오다 법안 소위 열다 심의 의결 뒤 전체 회의 의결 법사위 상정 방침 전북도 남원시 국회 불발 남원 국립 공공 설립 법안 국회 통과 있다 정치 협의 방침 국립 공공 폐교 서남대 의대 정원 토대 감염 응급 외상 분만 공공 의료 전문가 배출 의료 인력 균형 해소 의료 격차 좁히다 공공 코로나 사태 이후 중요 시급성 대두 국립 공공 보건 의료 대학 설립 운영 관하다 법률안 국회 이용호 소속 남원 임실 순창 국회 개원 후 법안 을 대표 발의 국립 공공 의대 설립 이 의원 서남대 폐교 대안 최초 제안 더불어민주당 보건 복지부 전북 남원 공공 의대 설립 발표 미래 통합 당 의원 의사 협회 반대 국회 임기 만료 자동 폐기 전 주 임송학 기자
2020-07-22,조선일보,장윤서 기자,"의사협회 ""정부 원격의료 의대 증원 강행 시 총파업"" 의사 85% '투쟁 참여'","국내 최대 의사단체인 대한의사협회가 정부가 원격의료, 의대 증원 등을 강행할 경우 총파업에 나서겠다고 선전포고했다.  대한의사협회(이하 의협)는 22일 용산구 임시회관에서 기자회견을 열고 의협이 선정한 이른바 '4대 의료악' 정책을 철폐하기 위해 의협 회원 85.3%가 대정부 투쟁에 참여하겠다고 22일 밝혔다.  의협은 ▲첩약 급여화 ▲의대 정원 증원 ▲국립 공공의대 설립 ▲원격 진료 등을 '의료 4대 악'으로 규정하고 해당 정책의 철폐를 요구하고 있다.  의협은 지난 14일부터 21일까지 온라인으로 '의료 4대악' 대응에 대한 대회원 설문조사를 실시, 그 결과를 발표했다. 이번 설문에는 2만6809명의 회원이 참여했다.  설문참여회원의 42.6%는 정부가 이들 정책을 밀어붙인다면 '전면적 투쟁 선언과 전국적 집단행동 돌입'으로 대응해야 한다고 했다. '수위를 점차 높이는 방식의 단계별 투쟁'(29.4%), '의협의 결정에 따름'(23%) 이 그 뒤를 이었다. '투쟁 없이 정부와 대화'를 선택한 회원은 5%에 그쳤다.  전체 응답자의 95%가 즉각적이든, 단계적이든 투쟁의 필요성에 공감했다. 직접 투쟁에 참여하겠다는 응답 역시 전체의 85.3%에 달했다.  의협은 정부에 의료계의 요구안을 내밀고 정부의 답변에 따라 전국 총파업과 의사면허 반납 투쟁을 불사하겠다고 했다.  대정부요구안은 의협 최고 의사결정기구인 대의원 총회 이후 발표하기로 했다.  최대집 의협 회장은 ""의료계의 목소리를 배제하고 정치적인 논리에 따라 의학적 원칙을 저버린 채 근거 없는 4대악 정책을 밀어붙이고 있는 정부에 대한 강력한 경고의 메시지를 보내는 것""이라면서 ""정부가 의료계와 대화할 의지가 없는 상태에서 정책을 밀어붙이기만 한다면 수차례 파업할 가능성이 크다""고 말했다.",https://www.bigkinds.or.kr/resources/images/01100801/2020/07/22/01100801.20200722121524001.01.jpg,https://biz.chosun.com/site/data/html_dir/2020/07/22/2020072202222.html?utm_source=bigkinds&utm_medium=original&utm_campaign=biz,의사 협회 정부 원격 의료 의대 증원 강행 총파업 의사 투쟁 참여 국내 최대 의사 단체 대한의사협회 정부 원격 의료 의대 증원 강행 경우 총파업 나서다 선전 포고 대한의사협회 이하 의협 용산구 임시 회관 기자 회견 열다 의협 선정 의료 악 정책 철폐 의협 회원 정부 투쟁 참여 밝히다 의협 첩 약 급여 화 의대 정원 증원 국립 공공 설립 원격 진료 의료 대 악 규정 해당 정책 철폐 요구 의협 지나다 온라인 의료 대 악 대응 회원 설문 조사 실시 결과 발표 이번 설문 회원 참여 설문 참여 회원 정부 정책 밀어붙이다 전면 투쟁 선언 전국 집단 행동 돌입 대응 수위 높이다 방식 단계 투쟁 의협 결정 뒤 투쟁 정부 대화 선택 회원 그치다 전체 응답자 가 즉각 단계 투쟁 필요 공감 직접 투쟁 참여 응답 전체 달하다 의협 정부 의료 요구안 내밀다 정부 답변 전국 총파업 의사 면허 반납 투쟁 불사 대정부 요구안 의협 최고 의사 결정 기구 대의원 총회 이후 발표 최대 집 의협 회장 의료 목소리 배제 정치 논리 의학 원칙 저버리다 근거 대 악 정책 밀어붙이다 정부 경고 메시지 보내다 정부 의료 대화 의지 상태 정책 밀어붙이다 수차례 파업 가능 크다
2020-07-22,한국일보,이종구,의사협회 “정부 원격의료ㆍ의대 증원 강행 시 총파업 불사”,"정부가 의대 증원 계획을 밝히기로 한 가운데, 대한의사협회(의협)가 강경 대응 입장을 밝혔다. 의협은 22일 용산구 임시회관에서 기자회견을 열고 정부가 의대 정원 증원과 함께 원격 의료 등을 추진하면 집단행동에 나서겠다고 경고했다.의협은 회원들을 대상으로 14일부터 8일간 진행한 설문조사 결과도 내놨다. 의료계가 반대하는 첩약 급여화, 의대 정원 증원, 공공 의대 신설, 원격의료 등 정부 의료정책에 대한 대응책을 물어본 것이다. 설문에는 2만6,809명의 회원이 참여했다. 정부가 이들 정책을 밀어붙일 경우에 대한 대응방법으로, 응답 회원의 42.6%는 '전면적인 투쟁 선언과 전국적 집단행동 돌입'으로 대응해야 한다고 답했다. 이어 '수위를 높이는 단계별 투쟁'(29.4%), '의협의 결정에 따름'(23%)이 그 뒤를 이었다. '투쟁 없이 정부와 대화'를 선택한 회원은 5%에 그쳤다. 박종혁 의협 총무이사는 ""이번 설문조사를 계기로 정부가 졸속으로 추진하고 있는 4대악 의료정책들에 대해 회원들이 얼마나 심각한 문제로 인식하는지 확인할 수 있었다""고 밝혔다. 의협은 회원들의 의견에 따라 정부에 의료계의 요구안을 제출했다. 이어 정부의 답변에 따라 전국 총파업과 의사면허 반납 투쟁에 나섰겠다는 입장이다. 정부여당은 23일 국회에서 구체적인 의대 정원 확충안을 발표한다.",https://www.bigkinds.or.kr/resources/images/01101101/2020/07/22/01101101.20200722231717001.01.jpg,https://www.hankookilbo.com/News/Read/A2020072223110004646,의사 협회 정부 원격 의료 증원 강행 총파업 불사 정부 의대 증원 계획 밝히다 가운데 대한의사협회 의협 강경 대응 입장 밝히다 의협 용산구 임시 회관 기자 회견 열다 정부 의대 정원 증원 원격 의료 추진 집단 행동 나서다 경고 의협 회원 대상 진행 설문 조사 결과 내다 의료 반대 첩 약 급여 화 의대 정원 증원 공공 의대 신설 원격 의료 정부 의료 정책 대응책 물어보다 설문 회원 참여 정부 정책 밀어붙이다 경우 대응 방법 응답 회원 전면 투쟁 선언 전국 집단 행동 돌입 대응 답 이어 수위 높이다 단계 투쟁 의협 결정 뒤 투쟁 정부 대화 선택 회원 그치다 박종혁 의협 총무 이사 이번 설문 조사 계기 정부 졸속 추진 대 악 의료 정책 회원 심각하다 문제 인식 확인 있다 밝히다 의협 회원 의견 정부 의료 요구 안 제출 정부 답변 전국 총파업 의사 면허 반납 투쟁 나서다 입장 정부 여당 국회 구체 의대 정원 확충 안 발표
2020-07-23,문화일보,최재규,의대 증원 반발 의협 내달 총파업 예고,"당정 4000명 확대 방침 확정의협 “코로나 현장 철수할 것”일각서 “밥그릇 지키기” 비판의사단체가 당정의 의과대 정원 ‘10년간 4000명 증원’ 방안에 반발해 8월 14일이나 18일에 총파업에 들어가겠다는 입장을 밝혔다. 또 신종 코로나바이러스 감염증(코로나19) 방역과 진료 현장에서 ‘의료진 철수’의 강경대응책도 내놓아 혼란이 예고되고 있다. 하지만 일각에서는 의사들의 ‘밥그릇 지키기’라는 비판도 나오고 있다. 대한의사협회는 23일 오전 서울 여의도 국회 앞에서 기자회견을 열고 의사 증원 정책을 저지하기 위해 총파업 등 집단행동을 불사하겠다고 경고했다. 의협은 최고 의사결정기구인 대의원 총회 의결을 거쳐 8월 14일이나 18일 중 하루 전국 의사 총파업에 들어간다는 방침이다. 의협 관계자는 “정부 입장에 변화가 없다면 의사들은 코로나19 방역과 진료 현장에서 파업에 내몰릴 것”이라고 말했다. 앞서 의협은 22일 용산구 임시회관에서 기자회견을 열고 의과대학 정원 확대, 공공의대 설립 등 정부가 의료계가 반대하는 의료정책을 일방적으로 밀어붙이고 있다고 규탄했다. 의협이 2만6809명 회원을 상대로 실시한 설문조사에 따르면 전체의 42.6%가 “정부가 의대 정원 증원 정책을 추진한다면 전면적인 투쟁 선언과 전국적 집단행동 돌입으로 대응해야 한다”고 답변했다. 이날 더불어민주당과 정부는 국회에서 ‘의대 정원 확대 및 공공의대 설립 추진 방안’ 협의회를 열고 의과대학 정원을 오는 2022년부터 연간 400명씩 10년간 증원해 총 4000명을 늘리기로 결정했다. 이 중 3000명은 지역의사로 선발, 10년간 지역에서 의무복무하도록 했다. 나머지 1000명은 역학조사관 등 특수전문 인력으로 배치된다. 조정식 정책위의장은 브리핑에서 “취약 지역을 포함한 지방 의료 인력과 필수 과목 의료 인력이 부족하다”며 “지역 내 의사 인력 부족 및 불균형 해소를 위해 현재 연 3058명의 정원을 2022학년도부터 연간 400명씩 증원해 10년간 한시적으로 3458명씩 선발, 총 4000명을 추가 양성하겠다”고 밝혔다. 연간 400명의 추가 정원 가운데 300명은 지역의사, 100명은 역학조사관 등 특수 분야와 의·과학 분야 인재로 선발하기로 했다. 최재규·윤명진 기자",,http://www.munhwa.com/news/view.html?no=2020072301070903311001,의대 증원 반발 의협 내달 총파업 예고 당정 확대 방침 확정 의협 코로나 현장 철수 각서 밥그릇 지키다 비판 의사 단체 당정 의과대 정원 증원 방안 반발 총파업 들어가다 입장 밝히다 신종 코로나바이러스 감염증 코로나 방 역 진료 현장 의료진 철수 강경 대응 책 내놓다 혼란 예고 일각 의사 밥그릇 지키다 비판 나오다 대한의사협회 오전 서울 여의도 국회 앞 기자 회견 열다 의사 증원 정책 저지 총파업 집단행동 불사 경고 의협 최고 의사 결정 기구 대의원 총회 의결 거치다 하루 전국 의사 총파업 들어가다 방침 의협 관계자 정부 입장 변화 의사 코로나 방 역 진료 현장 파업 내몰리다 의협 용산구 임시 회관 기자 회견 열다 의과 대학 정원 확대 공공 의대 설립 정부 의료 반대 의료 정책 일방 밀어붙이다 규탄 의협 회원 상대 실시 설문 조사 전체 정부 의대 정원 증원 정책 추진 전면 투쟁 선언 전국 집단 행동 돌입 대응 답변 이날 더불어민주당 정부 국회 의대 정원 확대 공공 의대 설립 추진 방안 협의회 열다 의과 대학 정원 오다 연간 증원 늘리다 결정 의사 선발 간 의무 복무 나머지 역학 조사관 특수 전문 인력 배치 조정식 정책위 의장 브리핑 취약 포함 지방 의료 인력 필수 과목 의료 인력 부족 의사 인력 부족 균형 해소 연 정원 학년도 연간 증원 한시 선발 추가 양성 밝히다 연간 추가 정원 가운데 의사 역학 조사관 특수 분야 과학 분야 인재 선발 최재규윤명진 기자
2020-07-23,중앙일보,황수연(ppangshu@joongang.co.kr),"최대집 의협회장 ""정부, 군사작전하듯 의대 증원  내달 총파업""","대한의사협회가 정부의 의대 정원 증원에 반발해 다음 달 중 총파업에 나서겠다고 예고했다.   의협은 23일 오전 성명서를 내 “의료계의 요구를 무시한 일방적인 정책 추진을 즉각 중단하라”며 “합리적인 해결방안을 의료계와 논의해라“고 촉구했다. 그러면서 최고 의사결정기구인 대의원총회를 거쳐 총파업에 돌입하겠다는 의지를 밝혔다.   최대집 의협 회장은 이날 중앙일보 인터뷰에서 “상임이사회에서 4대 악 의료정책 저지를 위한 집단행동 추진에 대해 대의원총회 서면 결의를 22일 요청했다”며 “다음 주 수, 목요일 쯤 총회가 의결하면 4~5개 대정부 요구안을 발표하고, 다음 달 14일이나 18일 하루 1차 전국의사 총파업을 하기로 잠정 결정했다”고 말했다. 의협의 대표적 정책 저항카드인 총파업은 집단 휴진 형식으로 진행될 가능성이 크다.   최 회장은 “(총회)의결이 없어도 집단행동을 할 수 있다. 집행부가 상임이사회를 열어 결정할 수도 있지만 중요한 사안인 만큼 절차를 따르는 것”이라고 설명했다.   최 회장은 “회원들이 정부의 의대 정원 증원 등에 압도적으로 반대해 투쟁 의지가 강하다”고 주장했다.   실제 의협이 지난 14~21일 2만7000명가량의 회원을 대상으로 설문 조사한 결과 참여자의 85% 이상이 총파업 등 직접 투쟁을 통해 정책을 바로잡겠다는 의사를 밝힌 것으로 나타났다. 최 회장은 “대의원총회도 같은 의협 조직인 만큼 강력한 지지를 통해 의결될 것으로 믿고 있다”고 말했다.  일각에선 회원이 13만명가량인 걸 고려했을 때 설문조사 응답률이 낮다는 지적도 나온다. 이와 관련 김대하 의협 대변인은 “기존 설문조사 중 응답자가 가장 많은 것”이라며 “회원들이 그만큼 사안을 심각하게 보고 있다고 판단한다”고 말했다.   이날 의협은 성명서에서 “정부와 여당이 코로나 19라는 미증유의 혼란을 틈타 면밀한 검토 없이 허울뿐인 명분을 내세워 당정 협의를 진행했다”고 지적했다.   그러면서 “의사증원 정책은 코로나 19로 무너진 필수의료나 지역의료를 되살리는 방안이 무엇인지 원인과 해결책이 전혀 없는 정치적 표퓰리즘에 불과하다”고 꼬집었다.   이어 “소신 있게 진료할 수 있는 제도적 기틀을 다지지 않고, 단순히 의사인력 증원만으로 모든 걸 살리겠다는 정책은 실패할 것이 자명하다”고 주장했다.   최 회장은 “비상시국에서 정부와 의료계가 합심해 열심히 해도 어려울 판”이라며 “지난 5월 일방적으로 운을 띄운 뒤 두 달도 안 돼 번갯불에 콩 구워 먹듯, 군사 작전하듯 협의도 없이 의대 정원 증원을 추진했다”고 지적했다.   정부가 증원 근거 중 하나로 제시한 경제협력개발기구(OECD)의 인구 1000명당 의사 수와 관련해서도 “의사 수를 평가할 유효한 지표라 할 수 없다”라며 “환자가 과연 의료이용을 제대로 하고 있는지가 의사 수의 적절성 여부를 평가할 객관적 지표”라고 주장했다.   그러면서 “우리나라의 외래 이용률은 OECD 1위이고, 입원 이용률 또한 일본과 1, 2위를 다툰다”며 “단순히 1000명당 의사 수를 보고 적절성 여부를 따지는 것은 합리적이지 않다”고 말했다. 보건복지부에 따르면 2019년 기준 인구 1000명당 활동 의사는 2.4명으로 OECD 평균(3.4명)에 못 미친다. 그나마도 대도시 집중으로도 지역을 중심으로 한 의사가 부족하단 게 정부 설명이다.   최 회장은 ‘지역의사제’와 관련해서도 “특정 지역과 과목에 일정 기간 배치하겠다는 것은 사회주의적 발상”이라며 “위헌적 제도”라고 주장했다. 이와 관련해 법무법인에 법률 검토를 의뢰했다며 곧 결과가 나올 것이라고 덧붙였다.   최 회장은 문제의 근본적 해결을 요구했다. 그는 ”의사의 분포 불균형은 정책적 노력을 통해 해소할 수 있다”며 “수가를 정상화해 보상해주고, 처우를 개선해주면 된다”고 강조했다.   황수연 기자 ppangshu@joongang.co.kr",https://www.bigkinds.or.kr/resources/images/01100901/2020/07/23/01100901.20200723154334001.01.jpg,https://www.joongang.co.kr/article/23831796,최대 집 의협 회장 정부 군사 작전 의대 증원 내달 총파업 대한의사협회 정부 의대 정원 증원 반발 다음 달 파업 나서다 예고 의협 오전 성명서 내다 의료 요구 무시 일방 정책 추진 중단 합리 해결 방안 의료 논의 촉구 그러다 최고 의사 결정 기구 의원 총회 거치다 총파업 돌입 의지 밝히다 최대 집 의협 회장 이날 중앙일보 인터뷰 상임 이사회 대 악 의료 정책 저지 집단행동 추진 대의원 총회 서면 결의 요청 다음 주 수 목요일 총회 의결 대정부 요구안 발표 다음 달 하루 전국 의사 총파업 잠정 결정 의협 대표 정책 저항 카드 총파업 집단 휴진 형식 진행 가능 크다 최 회장 총회 결 집단행동 있다 집행부 상임 이사회 열다 결정 있다 중요 사안 절차 설명 최 회장 회원 정부 의대 정원 증원 압도 반대 투쟁 의지 강하다 주장 실제 의협 지나다 회원 대상 설문 조사 결과 참여 이상 총파업 직접 투쟁 정책 의사 밝히다 나타나다 최 회장 대의원 총회 의협 조직 지지 의결 일각 회원 고려 설문 조사 응답 낮다 지적 나오다 관련 김대하 의협 대변인 기존 설문 조사 응답자 많다 회원 사안 심각하다 판단 이날 의협 성명서 정부 여당 코로나 미증유 혼란 틈타다 검토 허울 명분 내세우다 당정 협의 진행 지적 그러다 의사 증원 정책 코로나 무너지다 필수 의료 의료 되살리다 방안 원인 해결책 정치 표퓰리즘 소신 진료 있다 제도 기틀 다지다 의사 인력 증원 살리다 정책 실패 자명하다 주장 최 회장 비상시국 정부 의료 합심 지나다 일방 운 띄우다 뒤 번갯불 콩 먹다 군사 작전 협의 의대 정원 증원 추진 지적 정부 증원 근거 제시 경제 협력 개발 기구 인구 의사 수 관련 의사 수 평가 유효 지표 환자 의료 이용 의사 수 여부 평가 객관 지표 주장 그러다 나라 외래 이용 입원 이용 일본 다투다 의사 수 적절성 여부 따지다 합리 보건 복지 부 기준 인구 활동 의사 평균 미치다 도시 집중 중심 의사 부족 정부 설명 최 회장 사제 관련 특정 과목 일정 기간 배치 사회주의 발상 위헌 제도 주장 관련 법무 법인 법률 검토 의뢰 결과 나오다 덧붙이다 최 회장 문제 근본 해결 요구 의사 분포 균형 정책 노력 해소 있다 수가 정상 보상 처우 개선 강조 황 수연 기자
2020-07-23,중앙일보,이태윤(lee.taeyun@joongang.co.kr),"의협 의대정원 확대에 반발해 “호흡기전담클리닉, 논의 중단”","대한의사협회(의협)가 정부가 추진하는 호흡기전담클리닉 제도 관련 모든 논의를 보류하기로 했다.   의협은 23일 보도자료에서 “정부가 추진하는 호흡기전담클리닉 제도와 관련해 일체의 논의와 참여를 보류해줄 것을 16개 시·도 의사회에 요청했다”고 밝혔다.   호흡기전담클리닉은 호흡기 발열 증상을 보이는 환자를 전담 진료하는 곳이다. 정부가 신종코로나바이러스 감염증(코로나19)의 2차 유행과 가을·겨울철 호흡기 환자 증가에 대비해 새로 도입하려고 추진하고 있다.   의협은 호흡기전담클리닉을 운영할 때 의료계 의견이 충분히 반영되지 않았고, 본래의 취지와는 달리 최근 ‘비대면 산업 육성’ 정책 방향이 포함돼 있어 재검토가 필요하다고 주장했다. 지난 6월 9일 시·도 의사회에 논의를 잠정 중단해달라고 요청했었다.   의협 측은 이날 공문에서 “그간 우리 협회에서는 코로나19 대응의 최일선에서 싸우며 감염병 치료와 예방에 고군분투하며, 국민과 의료계, 민관이 상생할 수 있는 다양한 방안을 모색하려고 노력했으나 여전히 정부가 협회의 입장을 반영하고 있지 않다”며“설치 및 운영방식은 물론 취지와 목적 등의 원칙에 대해서도 추가적인 설명이 없는 상태다”고 했다.   그러면서 “정부가 전문가의 의견에 귀 기울이지 않고 호흡기전담클리닉 제도와 관련한 원칙 등을 명확히 설명하지도 않는 현 상황에서 공식적인 협조와 참여가 불가능하다고 판단한다”고 덧붙였다.   의협은 이날 더불어민주당과 보건복지부에서 국내 의과대학의 입학정원이 대폭 늘리겠다고 한 발표 관련 총파업 가능성도 예고했다. 최대집 의협 회장은 “의대 증원은 정치적 표퓰리즘에 불과하다”며 “대의원 총회 의결을 거쳐 다음 달 14일이나 18일 1차 총파업을 하기로 했다”고 말했다.   의협은 같은 날 보도자료를 통해 “정부와 여당이 코로나19라는 미증유의 혼란을 틈타 면밀한 검토 없이 의사 인력 증원 방안을 확정하기 위해 협의하는 것에 분노한다”고 밝혔다. 이어 “2038년이 되면 우리나라 인구 천 명당 활동 의사 수는 OECD 평균을 넘어선다”며 “필수의료 분야나 지역의 의료 인력이 부족한 것은 의사 인력이 부족해서가 아니라 억누르고 쥐어짜기에만 급급한 보건의료정책의 실패 때문이다”고 주장했다.   한편 경제정의실천시민연합(경실련)은 성명 발표를 통해 이날 당정이 발표한 의사인력 증원계획은 땜질식 대책이며, 재검토해야 한다고 비판했다.   경실련은 “사회적으로 충분한 의견수렴 없이 밀실에서 소수 인사가 의제를 독점해 만든 이러한 일방적 정책으로는 고질적인 의료계의 반대를 극복하기 어렵고, 코로나 이후 높아진 공공의료 강화에 대한 국민적 요구를 반영하기 어렵다”며 “이번 안에서 밝힌 공공 의대 설립 규모는 종합적이고 전문적 의료인력을 양성하기에는 한계가 있는 만큼 당정은 ‘지역 의사선발 전형’ 강행을 중단하고, 시민사회와 학계 등 다양한 대안에 대한 논의의 장을 마련해야 한다”고 했다.   파업을 예고한 의협도 비판했다. 경실련은 “최근 의사협회가 집단 휴업을 논의하는 등 국민을 볼모로 자신의 이익을 위해 무력행사를 거론하고 있는 상황에서 자칫 의사들의 독점적 권력을 통한 무력행사가 의료공백 사태로 이어질 경우 국가적 의료재난 상황에 놓이게 되며 이를 대비하기 위해서라도 공공의료 인력의 양성과 확충은 필수”라며 “따라서 공공 의대의 정원 확대와 공공의료기관을 확대해 모든 국민이 수도권이 아닌 곳에서도 양질의 의료서비스를 받을 수 있도록 해야 한다”고 덧붙였다.   이태윤 기자 lee.taeyun@joongang.co.kr",https://www.bigkinds.or.kr/resources/images/01100901/2020/07/23/01100901.20200723183140001.01.jpg,https://www.joongang.co.kr/article/23831997,의협 의대 정원 확대 반발 호흡기 전담 클리닉 논의 중단 대한의사협회 의협 가 정부 추진 호흡기 전담 클리닉 제도 관련 논의 보류 의협 보도 자료 정부 추진 호흡기 전담 클리닉 제도 관련 일체 논의 참여 보류 시도 의사회 요청 밝히다 호흡기 전담 클리닉 호흡기 발열 증상 보이다 환자 전담 진료 곳 정부 신종 코로나바이러스 감염증 코로나 유행 가을 겨울철 호흡기 환자 증가 대비 도입 추진 의협 호흡기 전담 클리닉 운영 의료 의견 반영 본래 취지 최근 대면 산업 육성 정책 방향 포함 검토 필요 주장 지나다 시 의사회 논의 잠정 중단 요청 의협 이날 공문 그간 협회 코로나 대응 일선 싸우다 감염병 치료 예방 고군분투 국민 의료 민관 상생 있다 다양 방안 모색 노력 정부 협회 입장 반영 설치 운영 방식 취지 목적 원칙 추가 설명 상태 그러다 정부 전문가 의견 귀 기울이다 호흡기 전담 클리닉 제도 관련 원칙 설명 상황 공식 협조 참여 가능 판단 덧붙이다 의협 이날 더불어민주당 보건 복지 부 국내 의과 대학 입학 정원 늘리다 발표 관련 총파업 가능 예고 최대 집 의협 회장 의대 증원 정치 표퓰리즘 대의원 총회 의결 거치다 다음 달 총파업 의협 날 보도 자료 정부 여당 코로나19 미증유 혼란 틈타다 검토 의사 인력 증원 방안 확정 협의 분노 밝히다 나라 인구 활동 의사 수 평균 넘어서다 필수 의료 분야 의료 인력 부족 의사 인력 부족 억누르다 쥐어짜다 보건 의료 정책 실패 주장 경제정의실천시민연합 경실련 성명 발표 이날 당정 발표 의사 인력 증원 계획 땜 질식 대책 검토 비판 경실련 사회 의견 수렴 밀실 소수 인사 의제 독점 만드다 일방 정책 고질 의료 반대 극복 코로나 이후 높아지다 공공 의료 강화 국민 요구 반영 이번 안 밝히다 공공 의대 설립 규모 종합 전문 의료 인력 양성 한계 있다 당정 의사 선발 전형 강행 중단 시민 사회 학계 다양 대안 논의 장 마련 파업 예고 의협 비판 경실련 최근 의사 협회 집단 휴업 논의 국민 볼모 자신 이익 무력행사 거론 상황 의사 독점 권력 무력행사 의료 공백 사태 이어지다 경우 국가 의료 재난 상황 놓이다 대비 공공 의료 인력 양성 확충 필수 공공 의대 정원 확대 공공 의료 기관 확대 국민 수도 곳 양질 의료 서비스 있다 덧붙이다 이태 윤 기자
2020-07-24,동아일보,이미지,16년만에 의대 증원 10년 의무복무 ‘지역의사’ 3000명 키운다,"현재 고교 2학년이 대학에 진학하는 2022학년도부터 의과대학 정원을 400명 늘려 10년간 총 4000명을 추가 선발하는 의대 정원 증원안이 발표됐다. 2006년부터 3058명에 묶여 있던 의대 정원이 16년 만에 늘어나는 것이다. 이에 따라 2031학년도까지 매년 3458명의 의대생을 선발하게 된다.  ○ 지역의사는 10년간 ‘의무 복무’   늘어난 400명 중 300명은 ‘지역의사제 특별전형’으로 뽑는다. 재학 중 장학금을 받는 대신 의사면허 취득 후 10년간(전공의 수련기간 포함)은 반드시 지역병원에서 중증·필수의료에 종사해야 한다. 개인병원 개업도 금지다. 규정을 어기면 면허가 박탈되고 장학금도 환수된다. 나머지 100명은 역학조사관, 중증외상 등 특수·전문 분야(50명)와 기초과학·제약·바이오 등 의과학 분야(50명)로 나눠 선발한다.  공공의대도 신설된다. 2018년 폐교한 서남대 의대 정원(49명)만큼 신입생을 뽑는 국립공공의료대학원(가칭)을 설립하기로 했다. 김헌주 보건복지부 보건의료정책관은 “질병 역학조사관, 감염내과 전공의와 같이 국가 공중보건에 필요한 인재를 키우는 ‘의무사관학교’ 역할을 하게 할 것”이라고 설명했다. 입학생은 학비와 기숙사비를 지원받는 대신에 10년간 공공보건의료기관에 종사해야 한다. 정부는 올 12월 관련 입법을 마치고 내년 5월 입시요강을 확정해 발표할 계획이다. 공공의대는 2024년 개교를 목표로 하고 있다.   2017년 기준 인구 1000명당 활동의사(의료기관 종사자 기준) 수는 한국이 2.4명(한의사 포함)으로 경제협력개발기구(OECD) 회원국 평균(3.4명)에 못 미친다. 서울 3.1명, 경북 1.4명 등(2019년, 한의사 제외) 지역 간 불균형도 심하다. 김윤 서울대 의료관리학과 교수는 “장기적으로 정책이 자리를 잡으려면 단순히 인력을 늘리는 데서 그치지 말고 적절한 수가와 지역근무에 따른 혜택, 네트워크 확충 등 지역 의료체계 개선책이 뒤따라야 할 것”이라고 강조했다.  ○ 찬반 엇갈린 의료계   총파업까지 경고한 대한의사협회는 이날 기자회견을 열고 “졸속적·일방적 의사인력 증원정책을 즉각 중단하라”고 밝혔다. 최대집 의협 회장은 “문제는 의사 수가 아니고 배치”라며 “지역·필수의료 수가 인상 등 지역 인프라를 다지지 않고 인력만 증원해서는 의료 질 저하를 초래할 것”이라고 말했다. 의협은 8월 14일이나 18일 전국 의사 총파업을 벌이겠다고 밝혔다. 반면 대한병원협회는 보도자료를 통해 “의사 간호사 같은 필수 인력을 구하지 못해 환자 안전이 위협받는 상황이 개선돼야 한다”며 환영의 뜻을 밝혔다.   한편 의대 정원 확대에 따라 대학입시 때 의학계열 선호 현상은 더 뚜렷해질 것으로 보인다. 이날 맘카페 등 학부모 커뮤니티는 종일 들썩였다. 서울 강남구에 사는 학부모 A 씨는 “학부모 중 상당수는 자녀의 의대 진학을 꿈꾸는데, 정원이 늘어난다니 환영하지 않을 수 없다”고 했다. 임성호 종로학원하늘교육 대표는 “전국 38개 의대의 신입생 모집인원이 평균 78명임을 감안하면 이번 정원 확대 조치는 의과대학 5개가 새로 생기는 것과 같은 효과가 있다. 입시에 상당한 영향을 미칠 것”이라고 말했다.  이미지 image@donga.com·김수연·이소정 기자",https://www.bigkinds.or.kr/resources/images/01100401/2020/07/24/01100401.20200724030127001.01.jpg,https://www.donga.com/news/article/all/20200724/102134756/1,의대 증원 의무 복무 의사 키우다 고교 학년 대학 진학 학년도 의과 대학 정원 늘리다 추가 선발 의대 정원 증원 안 발표 묶이다 의대 정원 늘어나다 학년도 의대 선발 의사 의무 복무 늘어나다 사제 특별 전형 재학 장학금 대신 의사 면허 취득 후 전공 수련 기간 포함 병원 중증 필수 의료 종사 개인 병원 개업 금지 규정 어기다 면허 박탈 장학금 환수 나머지 역학 조사관 중증 외상 특수 전문 분야 와 기초과학 제약 바이오 과학 분야 나누다 선발 공공 대도 신설 폐교 서남대 의대 정원 신입 국립 공공 의료 대학원 가칭 설립 김헌주 보건 복지부 보건 의료 정책관 질병 역학 조사관 감염 내과 전공의 국가 공중 보건 필요 인재 키우다 의무 사관학교 역할 설명 입학 학비 기숙사비 지원 대신 간 공공 보건 의료 기관 종사 정부 관련 입법 마치다 내년 입시 요강 확정 발표 계획 공공 개교 목표 기준 인구 활동 의사 의료 기관 종사자 기준 수 한국 한의사 포함 경제협력개발기구 회원국 평균 미치다 서울 경북 한의사 제외 균형 심하다 김윤 서울대 의료 관리 학과 교수 장기 정책 자리 인력 늘리다 그치다 적절하다 수가 근무 혜택 네트워크 확충 의료 체계 개선책 뒤따르다 강조 찬반 엇갈리다 의료 총파업 경고 대한의사협회 이날 기자 회견 열다 졸속 일방 의사 인력 증원 정책 중단 밝히다 최대 집 의협 회장 문제 의사 수 배치 필수 의료 수가 인상 인프라 다지다 인력 증원 의료 질 저하 초래 의협 전국 의사 총파업 벌이다 밝히다 반면 대한 병원 협회 보도 자료 의사 간호사 필수 인력 구하다 환자 안전 위협 상황 개선 환영 뜻 밝히다 한편 의대 정원 확대 대학 입시 의학 계열 선호 현상 보이다 날 맘 카페 학부모 커뮤니티 종일 들썩이다 서울 강남구 살다 학부모 학부모 상당수 자녀 의대 진학 꿈꾸다 정원 늘어나다 환영 임성호 종로학원 하늘 교육 대표 전국 대의 신입 모집 인원 평균 감안 이번 정원 확대 조치 의과 대학 생기다 효과 입시 상당 영향 미치다 이미지 김수연 이소정 기자
2020-07-24,서울신문,강국진,의대 정원 한시적 증원 지방 의료공백 해소 역부족 지적도,"한국 의사 수, OECD 평균의 71% 수준 서울 등 수도권에 집중… 지역 편차 커 의대 증원 4000명 중 3000명 지역의사 공공의료대학원, 감염내과 전문의 양성 의협 “총파업” 반발… 병협 “더 늘려야”코로나19 비상상황에서 14년간 굳게 닫혀 있던 의대 정원 동결이라는 문도 열릴 수밖에 없었다. 다만 23일 당정 협의에서 나온 정원 확대 규모로는 인구 규모에 비해 현격히 부족한 의료인력 확대에는 여전히 모자란 것이어서 기대에 못 미친다는 지적도 나온다.더불어민주당과 정부가 이날 당정협의에서 발표한 의대 정원 확대는 10년에 걸쳐 4000명 규모다. 현재 3058명인 연간 의대 입학 정원을 10년간 해마다 400명씩 늘리는 방식이다. 4000명 가운데 3000명은 지역의사, 500명은 특수 전문 분야, 500명은 의과학 분야로 특화시키도록 했다. 국립공공의료대학원은 폐교된 전북 남원 서남대 의대 정원 49명을 유지한다.당정 발표는 지역의사와 특수분야, 그리고 공공의료 담당 인력 양성에 초점을 맞췄다. 한마디로 코로나19 장기전에 대비하기 위한 포석인 셈이다. 특히 오랜 개혁 과제였던 의사 인력 확대에 숨통이 트일 전망이다. 한국은 인구 1000명당 현직 의사가 2명(한의사 포함하면 2.4명)으로 경제협력개발기구(OECD) 평균 3.4명의 71% 수준에 불과하다. 게다가 서울은 인구 1000명당 3.1명인 반면 전남 1.7명, 경북 1.4명 등으로 지역별 편차가 극심하다. 중증외상이나 감염내과, 역학조사관 등에서 만성적인 인력 부족에 시달린다.국립공공의료대학원은 국가와 공공이 필요로 하는 역학조사관과 감염내과 전문의 등을 양성하기 위한 카드라고 할 수 있다. 지역 의료체계가 부실하고 역학조사관이나 감염내과 전문의가 부족한 현실은 코로나19 대응 과정에서 심각한 문제로 드러났다.지난해 기준 감염내과 전문의는 전국에 277명, 소아외과 전문의는 48명에 불과하다. 현재 질병관리본부 역학조사관 정원 13명 중 현원은 5명에 불과하고, 13개 시도 전체 역학조사관 정원 23명 중 17명은 공중보건의를 활용하는 실정이다.당정이 발표한 의대 정원 확대에 대해 계획 자체를 반대하는 의견과 충분하지 않다는 반응이 동시에 나온다. 대한의사협회(의협)는 이날 기자회견을 열고 정부의 “일방적 계획”에 반대한다며 총파업 등 집단행동을 불사하겠다고 밝혔다.반면 대한병원협회(병협)는 “의대 정원을 (연간) 500명 증원하면 2065년, 1500명 증원하면 2050년이 되어야 비로소 의사 수급이 적정하게 될 것”이라고 지적했다. 경제정의실천시민연합은 “늘어나는 의료 이용량을 감당할 수 없고 지역 간, 전공과목 간 고질적인 의사 수급 불균형 문제도 해소하기 어렵다”며 정원 100~150명 규모로 권역별 공공의대를 별도로 신설하고 기존 의대 정원도 대규모로 늘리자고 제안했다.강국진 기자 betulo@seoul.co.kr",https://www.bigkinds.or.kr/resources/images/01100611/2020/07/24/01100611.20200724051247001.01.jpg,http://go.seoul.co.kr/news/newsView.php?id=20200724005023,의대 정원 한시적 증원 지방 의료 공백 해소 역부족 지적 한국 의사 수 평균 수준 서울 수도 집중 편차 크다 의대 증원 의사 공공 의료 대학원 감염내과 전문 양성 의협 총파업 반발 병협 늘리다 코로나 비상 상황 간 닫히다 의대 정원 동결 문 열리다 당정 협의 나오다 정원 확대 규모 인구 규모 비 부족 의료 인력 확대 모자라다 기대 미치다 지적 나오다 더불어민주당 정부 이날 당정 협의 발표 의대 정원 확대 걸치다 규모 연간 의대 입학 정원 늘리다 방식 가운데 의사 특수 전문 분야 과학 분야 특화 국립 공공 의료 대학원 폐교 전북 남원 서남대 의대 정원 유지 당정 발표 의사 특수 분야 공공 의료 담당 인력 양성 초점 맞추다 한마디 코로나 장기전 대비 포석 개혁 과제 의사 인력 확대 숨통 트이다 전망 한국 인구 현직 의사 한의사 포함 경제협력개발기구 평균 수준 서울 인구 반면 전남 경북 편차 중증 외상 감염내과 역학 조사관 만성 인력 부족 시달리다 국립 공공 의료 대학원 국가 공공 필요 역학 조사관 감염내과 전문 등 양성 카드 있다 의료 체계 부실 역학 조사관 감염내과 전문의 부족 현실 코로나 대응 과정 문제 드러나다 지난해 기준 감염내과 전문의 전국 소아 외과 전문의 질병 관리 본부 역학 조사관 정원 원 시도 전체 역학 조사관 정원 공중 보건의 활용 실정 당정 발표 의대 정원 확대 계획 자체 반대 의견 반응 동시 나오다 대한의사협회 의협 이날 기자 회견 열다 정부 일방 계획 반대 총파업 집단행동 불사 밝히다 반면 대한 병원 협회 병 협 의대 정원 연간 증원 증원 의사 수급 적정 지적 경제 정의 실천 시민 연합 늘어나다 의료 이용량 감당 전공과목 가다 고질 의사 수급 균형 문제 해소 정원 규모 권역 공공 대 별도 신설 기존 의대 정원 규모 늘리다 제안 강국진 기자
2020-07-24,서울신문,윤창수,“의사가 100만명이 되면 국민은 행복할까요?”,"“인구 감소로 의대 증원 없어도 적정 의사 비율 유지”정부의 의대 정원 10년간 4000명 확대 방침에 의사들이 다양한 반대의 목소리를 내고 있다.노환규 전 대한의사협회 회장은 24일 자신의 페이스북을 통해 “국민을 위해 의사를 증원하는 것은 공급이 수요를 창출하는 부작용을 낳을 수 있다”고 밝혔다.노 하트웰의원 원장은 자신이 의과대학 1학년이던 1980년에는 인구대 의사의 비율이 1659:1로 1명의 의사가 1659명의 건강을 돌봤다고 설명했다.그 비율은 1990년 1020:1로 줄고 2020년 현재는 368:1로 감소했다고 덧붙였다. 인구는 늘어나지 않고 의사수는 꾸준히 급격히 늘어나고 있기 때문이라고 부연했다.누군가는 아파야 의사가 생업을 유지할 수 있는데 그 모수가 줄어들면 의사가 먹고 살기 어려워진다며 “의사가 먹고 살기 어려워지는 게 뭐가 대수냐”라고 반문할 수 있지만, 정보의 비대칭성 때문에 의료는 공급이 수요를 창출할 수 있다고 주장했다.이어 최근 통증치료를 하는 의사와의 대화를 소개했다. 이 의사는 “요즘 저희들이 쓰는 단체대화방을 보면 가장 큰 고민거리가 주사 한 번에 치료가 가능한 환자를 6~7번 정도 방문하도록 여러번에 나눠서 치료를 해야 할지 아니면 그냥 빨리 치료를 해주고 입소문이 나게 하는게 나을지에 대한 것입니다. 의사들마다 각자 저마다 의견을 내는데 정답이 없는 것 같습니다”라고 말했다.이 의사의 발언에 대해 노 원장은 ‘충격적인 말’이라며 주사 한 번에 치료가 가능한 환자는 무조건 주사 한 번에 치료를 해주는 것이 지극히 당연한 원칙인데 적정 수입 때문에 의사들이 말도 안 되는 고민을 하고 있다고 설명했다.의대증원은 의료현장 비윤리성, 불법성 악화할 수도또 환자와 의사가 갖는 정보의 비대칭성 때문에 의사가 병이 있다면 환자는 의사의 말을 검증하기 어렵다고 지적했다.노 원장은 “의료현장에서 일어나는 수많은 일들을 일일이 감시해서 그 비윤리성과 불법성을 잡아내기란 매우 어렵다”며 “그런 비윤리적인 일이 발생하지 않는 환경을 만드는 것이 중요하다”고 강조했다.그는 의대증원을 하지 않더라도 지금 추세로라면 15년 후인 2035년에는 인구:의사 비율이 268:1로 줄어든다고 부연했다.노 원장은 “환자가 의사의 말을 믿기 어려운 세상이 이미 도래했고 의대증원은 그 상황을 더욱 악화시키는 정책이 된다”며 “그래서 의사협회가 ‘의대증원이 아니라 의사 재배치가 답이다’라고 주장하고 있는 것”이라고 목소리를 높였다.노 원장은 마지막으로 “의사를 늘려 의사의 급여를 낮추는 것이 국민을 위해 좋은 일일까”라며 “의사가 100만명이 되면 국민은 행복할까”라고 질문을 던졌다.윤창수 기자 geo@seoul.co.kr",https://www.bigkinds.or.kr/resources/images/01100611/2020/07/24/01100611.20200724190335001.01.jpg,http://www.seoul.co.kr/news/newsView.php?id=20200724500185,의사 국민 행복 인구 감소 의대 증원 적정 의사 비율 유지 정부 의대 정원 확대 방침 의사 다양 반대 목소리 내다 노환규 대한의사협회 회장 자신 페이스북 국민 의사 증원 공급 수요 창출 부작용 낳다 있다 밝히다 노 하트웰 의원 원장 자신 의과대학 학년 인구 대 의사 비율 의사 건강 돌보다 설명 비율 줄다 현재 감소 덧붙이다 인구 늘어나다 의사 수 늘어나다 부연 아프다 의사 생업 유지 모 수 줄어들다 의사 먹다 살다 의사 먹다 살다 대수 반문 있다 정보 대칭 의료 공급 수요 창출 있다 주장 최근 통증 치료 의사 대화 소개 의사 쓰다 단체 대화방 크다 고민거리 주사 치료 가능 환자 정도 방문 나누다 치료 치료 입소문 나다 의사 의견 내다 정답 의사 발언 노 원장 충격 주사 치료 가능 환자 주사 치료 원칙 적정 수입 의사 고민 설명 .의대 증원 의료 현장 윤리 불법 악화 환자 의사 갖다 정보 대칭 의사 병 환자 의사 검증 지적 노 원장 의료 현장 일어나다 수많다 감시 윤리 불법 윤리 발생 환경 만드다 중요 강조 의대 증원 추세 후 인구 의사 비율 줄어들다 부연 노 원장 환자 의사 세상 도래 의대 증원 상황 악화 정책 의사 협회 의대 증원 의사 배치 답 주장 목소리 높이다 노 원장 마지막 의사 늘리다 의사 급여 낮추다 국민 좋다 의사 국민 행복 질문 던지다 윤창수 기자
2020-07-27,중앙일보,남윤서(nam.yoonseo1@joongang.co.kr),"의대 증원에 ‘공대 불똥’  ""최상위권 더 줄어 합격선 낮아지나""","정부가 부족한 의료 인력 확충을 위해 의대 정원을 확대하기로 하면서 대학 입시에도 상당한 영향을 미칠 것이라는 전망이 나오고 있다. 2022학년도부터 매년 400명씩 의대 정원이 늘면서 의대뿐 아니라 공대 등 다른 전공에도 연쇄적인 파급 효과가 나타난다는 예상이다.   교육부에 따르면 현재 3058명인 의대 정원은 2022학년도부터 2031학년도까지 10년간 3458명으로 늘어난다. 현재 고등학교 2학년부터 초등학교 2학년까지는 대입을 치를 때 한시적으로 의대 정원 확대가 적용되는 셈이다.    ━ 의대 정원 400명 늘리면 지원자는 4000명 늘 것  입시 전문가들은 한 해 의대 정원 400명이 늘어나는 것이지만 실제로 파급 효과는 400명 이상이 될 것으로 보고 있다. 예전보다 더 많은 최상위권 학생들이 의대에 도전할 것으로 예상되기 때문이다. 지난해 의대 경쟁률은 정시모집 6대 1, 수시모집 30대 1에 달했다. 수·정시를 합하면 모집인원의 20배 규모의 지원자가 몰렸다.   이재진 대학미래연구소장은 “정원 400명이 늘면 의대 지원자는 최소 4000명 이상 늘어날 것”이라며 “최상위권이 의대로 몰리면 이하 공대, 자연대 등은 그보다 낮은 성적대가 지원할 수 있게 되고, 합격선도 내려간다”고 내다봤다.   앞서 주요 대학들은 2005년부터 의학전문대학원 체제를 도입했지만, 경쟁력 약화 등의 이유로 2015년부터 의대로 전환하기 시작했다. 2015학년도에는 전년도보다 의대 모집 정원이 700여명 늘었는데, 당시에도 주요 대학의 공대 합격선이 낮아진 바 있다.    ━ 지역 의무복무 제한에도 의대 선호는 계속  교육부는 증원하는 400명 중 300명을 '지역의사' 전형으로 선발해 지역 내 중증·필수 의료 분야에 10년간 의무 복무한다는 방침이다. 하지만 이러한 제한이 있어도 상위권 학생들은 지역을 가리지 않고 의대에 지원할 것이라는 예상이 나온다.   이재진 소장은 “예전보다 의대 선호가 더 높아졌기 때문에 서울 학생이라도 합격 가능성만 있다면 얼마든지 지방 의대에 가려고 한다”며 “10년 의무복무 규정도 10년간 지역의 주요 병원에서 일자리를 보전해주는 셈이라 큰 페널티로 여겨지지 않는다”고 말했다.   게다가 2022학년도 대입에는 약대의 학부 선발 정원이 1583명 늘어난다. 대부분 약학대학이 현재 '2+4년제' 체제에서 '통합 6년제'로 바꾸면서 1학년 신입생을 선발하기 때문이다.   이렇게 의대와 약대 정원이 갑자기 2000여명 늘어나는 셈이라 공대 등 다른 전공에서는 우수 자원을 의·약 전공에 빼앗길 가능성이 커졌다. 임성호 종로학원하늘교육 대표는 “의학 계열 뿐 아니라 다른 자연계열 일반 학과의 합격선이 동시에 하락하는 등 급격한 입시 판도 변화가 예상된다”며 “초중 단계에서부터 이과 선호 현상이 확대할 수 있다”고 진단했다.    ━ 의대 노린 재수생 늘 듯…사교육 확대 우려도  특히 의대 입시는 다른 전공보다 대학수학능력시험(수능) 성적이 중요하다. 지난해 기준 정시 모집 비율은 37.9%였고, 48.9%는 수시에서도 수능 최저학력기준을 요구하고 있어 전체적으로 80% 이상이 수능을 반영한다.   그래서 수능에서 유리한 재수생이 의대나 약대 진학을 노리는 경우가 많아질 수 있다. 이만기 유웨이중앙교육 평가연구소장은 “지금도 의대를 노리는 재수생이 많지만, 의대 정원이 확대되면 지방에서도 재수생이 늘어날 가능성이 높다”고 말했다.   일각에서는 수능 위주 사교육 시장이 커진다는 우려도 나온다. 서울의 한 진학 담당 교사는 “학교에서는 최상위권에 맞춰 수업할 수 없기 때문에 의대 지망생들 대부분은 사교육으로 수능을 대비한다”며 “의대 정원 확대와 함께 사교육이 확대되지 않을 방법도 필요하다”고 말했다.   남윤서 기자 nam.yoonseo1@joongang.co.kr",https://www.bigkinds.or.kr/resources/images/01100901/2020/07/27/01100901.20200727050103001.01.jpg,https://www.joongang.co.kr/article/23833945,의대 증원 공대 불똥 상위 줄다 합격선 낮다 정부 부족 의료 인력 확충 의대 정원 확대 대학 입시 상당 영향 미치다 전망 나오다 학년도 의대 정원 늘다 의대 공대 전공 연쇄 파급 효과 나타나다 예상 교육부 의대 정원 학년도 학년도 늘어나다 고등학교 학년 초등학교 학년 대입 치르다 시 의대 정원 확대 적용 의대 정원 늘리다 지원자 늘다 입시 전문가 해 의대 정원 늘어나다 실제 파급 효과 이상 예전 많다 상위 학생 의대 도전 예상 지난해 의대 경쟁 정시 모집 대 수시 모집 달하다 수정 합하다 모집 인원 배 규모 지원자 몰리다 이재진 대학 미래 연구소장 정원 늘다 의대 지원자 최소 이상 늘어나다 상위 의대 몰리다 이하 공대 자연대 낮다 성 대가 지원 있다 합격선 내려가다 내다보다 앞서다 주요 대학 의학 전문 대학원 체제 도입 경쟁력 약화 이유 의대 전환 시작 학년도 전년도 의대 모집 정원 늘다 당시 주요 대학 공대 합격선 낮다 의무 복무 제한 의대 선호 교육부 증원 의사 전형 선발 중증 필수 의료 분야 의무 복무 방침 제한 상위 학생 가리다 의대 지원 예상 나오다 이재진 소장 예전 의대 선호 높다 서울 학생 합격 가능 얼마 지방 의대 가다 의무 복무 규정 주요 병원 일자리 보전 크다 페널티 여기다 학년도 대입 약대 학부 선발 정원 늘어나다 대부분 약학 대학 체제 통합 바꾸다 학년 신입 선발 의대 약대 정원 늘어나다 공대 전공 우수 자원 의약 전공 빼앗기다 가능 커지다 임성호 종로학원 하늘 교육 대표 의학 계열 다르다 자연 계열 일반 학과 합격선 동시 하락 급격하다 입시 판도 변화 예상 초 중 단계 이과 선호 현상 확대 있다 진단 의대 노리다 재수 늘다 사교육 확대 우려 의대 입시 전공 대학 수학 능력 시험 수능 성적 중요 지난해 기준 정시 모집 비율 수시 수능 최저 학력 기준 요구 전체 이상 수능 반영 수능 유리 재수 의대 약대 진학 노리다 경우 많다 있다 이만기 유웨이중앙교육 평가 연구소장 지금 의대 노리다 재수생 많다 의대 정원 확대 지방 재수생 늘어나다 가능 높다 일각 수능 위주 사교육 시장 커지다 우려 나오다 서울 진학 담당 교사 학교 상위 맞추다 수업 의대 지망 대부분 사교육 수능 대비 의대 정원 확대 사교육 확대 방법 필요 남 윤서 기자
2020-07-28,조선일보,"김철중 의학전문기자
김철중 의학전문기자  양지호 기자","醫協 ""내달 14일 파업 9월, 10월에도 하겠다""","""다음 달 14일 하루 동안 전국의 의사들이 파업을 할 겁니다. 9월 2차 파업, 10월 3차 파업까지 준비하고 있습니다.""  최대집 대한의사협회 회장은 27일 서울 용산구 의협 회장실에서 가진 인터뷰에서 파업 얘기부터 꺼냈다. 의협은 의대 정원 2022년부터 10년간 4000명 증원, 한약(탕약) 건강보험 적용 시범 사업, 공공 의대 신설, 원격의료 도입 등을 정부의 '의료 4대악(惡)' 정책이라고 비난하고 있다. 2000년 의약분업, 2014년 원격진료 및 영리 병원 반대 총파업 이후 2000년대 들어 세 번째 파업이 될 것으로 보인다.  최 회장은 ""이번 파업에는 개업 의사는 물론 대학병원과 종합병원 전공의들도 동참하기로 했다""며 ""정부 정책 기조가 바뀌지 않으면 9월에 2차, 10월에 3차 파업을 더 크게 할 것""이라고 말했다. 그는 ""연말까지 의협 차원에서 정부를 상대로 투쟁하게 될 것""이라고 했다.  코로나 사태 와중에 방역 최일선의 의사들이 파업을 벌인다는 것에 대한 부정적인 여론을 감수하겠다는 것이다. 그는 ""의사들이 코로나 대응에 모든 역량을 집중할 수 있도록 정부가 일방적인 정책 추진을 멈춰야 한다""고 주장했다.  ―국민이 의대 증원 반대를 '밥그릇 지키기'로 볼 수도 있다.  ""우리나라는 의사 수 부족이 아니라 잘못된 의료 정책으로 인한 지역별, 전공별 의사 분포 불균형이 문제다. 1990년대 한 해 의사가 2500여명 나올 때 외과 의사는 200여명 배출됐다. 한 해 배출하는 의사가 3058명으로 늘었는데도, 외과 의사는 작년에 120여명 나왔다. 미용 성형 관련 의료를 하는 의사가 전체 활동 의사 10만명 중 3만명이다. 반면 흉부외과 의사는 씨가 말라서 나중에 폐 수술 받으러 중국 가야 할 판이다. 외과 등에 대한 보험 수가 인상 없이 의사가 늘어나겠느냐.""  ―수가 인상하면 그런 문제가 해결된다고 장담할 수 있나.  ""미용 성형 업계는 지금도 경쟁이 치열하다. 장담할 수는 없지만 상황은 나아질 것이다.""  ―10년간 지역에서 일할 의사 3000명 배출 등은 정부 발표가 일리 있어 보인다.  ""근무 지역을 제한하는 지역 의사제는 위헌 가능성 높다고 한다. 또 면허 취득 후 인턴(1년), 레지던트(4년) 하고 나면 실질적으로 5년 근무에 불과하지 않으냐.""  ―의사 증원 등에 대해 정부와 협의가 있었나.  ""없었다. 어느 나라든 국가 정책으로 의사 수를 관리한다. 의사가 과잉되면 그 자체가 수요를 창출해 부작용을 낳기 때문이다. 의사협회와 어떤 방향으로 가야 맞는지 협의하고 정책을 짜야 하는데, 정부가 번갯불에 콩 구워 먹듯이 심도 있는 논의 없이 2개월 만에 결정했다. 중국 맨발의사(문화대혁명 시기 농민 등이 6~12개월 의료 교육을 받고 투입된 의사) 제도야 극단적 상황이니까 효과를 본 건데 우린 상황이 다르다.""  ―한약 건강보험 적용은 환자들에게 좋은 것 아닌가.  ""안면마비, 생리통 같은 한방 첩약 처방 시범 사업 대상이 문제다. 안면마비 절반이 단순한 '구안와사'가 아니라 뇌종양 등 다른 질병으로 발생한다. 한방은 이를 진단할 의료 기술과 장비가 없다. 생리통도 응급 수술이 필요한 자궁 외 임신이나 임신 초기 증세일 수 있다. 진맥 짚고 한약 처방하면 어떻게 되겠나. 적절한 치료 시기를 놓치면 정부가 책임질 것인가.""  ―코로나 감염증으로 비대면 진료 요구가 늘고, 원격의료를 하자는 의사도 많다.  ""의협도 감염병 비상사태 시 비대면 진료를 찬성한다. 다만 일반 상황에서는 환자를 직접 보고 진료해야 과오를 막을 수 있다는 입장에는 변함이 없다. 개인적으로는 동네 의원이 참여해 만성질환자를 원격으로 관리하는 것도 긍정적으로 생각하고 있다.""  최 회장과 인터뷰를 한 이날 인턴·레지던트 등 전공의와 의대생도 정부의 의대 정원 확대와 공공 의대 설립에 반발하며 집단행동을 예고했다. 대한전공의협의회는 ""의료에 무지한 자들이 의료 공공성을 정치에 이용하고 있다""고 주장했다. 전국의과대학·의학전문대학원학생협회도 이날 온라인 긴급 대의원회의를 열었다. 보건복지부는 최 회장과 의협의 주장에 대해 ""의협과 소통을 확대하겠다""는 입장이다. 직접적인 비판은 아직 나오지 않고 있다.",https://www.bigkinds.or.kr/resources/images/01100801/2020/07/28/01100801.20200728031558002.01.jpg,https://news.chosun.com/site/data/html_dir/2020/07/28/2020072800182.html?utm_source=bigkinds&utm_medium=original&utm_campaign=news,내달 파업 다음 달 하루 동안 전국 의사 파업 파업 파업 준비 최대 집 대한의사협회 회장 서울 용산구 의협 회장실 가지다 인터뷰 파업 얘기 꺼내다 의협 의대 정원 증원 한약 탕 약 건강 보험 적용 시범 사업 공공 의대 신설 원격 의료 도입 정부 의료 대 악 정책 비난 의약 분업 원격 진료 영리 병원 반대 총파업 이후 들다 파업 보이다 최 회장 이번 파업 개업 의사 대학 병원 종합 병원 전공의 동참 정부 정책 기조 바뀌다 파업 크다 연말 의협 차원 정부 상대 투쟁 코로나 사태 와중 방역 일선 의사 파업 벌이다 부정 여론 감수 의사 코로나 대응 역량 집중 있다 정부 일방 정책 추진 멈추다 주장 국민 의대 증원 반대 밥그릇 지키다 있다 우리나라 의사 수 부족 의료 정책 인하다 전공 의사 분포 균형 문제 해 의사 나오다 외과 의사 배출 해 배출 의사 늘다 외과 의사 작년 나오다 미용 성형 관련 의료 의사 전체 활동 의사 반면 흉부외과 의사 씨 마르다 나중 폐 수술 중국 가다 외과 보험 수가 인상 의사 늘어나다 수가 인상 문제 해결 장담 있다 미용 성형 업계 지금 경쟁 치열 장담 상황 나아지다 간 의사 배출 정부 발표 일리 보이다 근무 제한 사제 위헌 가능 높다 면허 취득 후 인턴 레지던트 실질 근무 의사 증원 정부 협의 나라 국가 정책 의사 수 관리 의사 과잉 자체 수요 창출 부작용 낳다 의사 협회 방향 가다 맞다 협의 정책 짜다 정부 번갯불 콩 먹다 심도 논의 결정 중국 맨발 의사 문화 혁명 시기 농민 의료 교육 투입 의사 제도 극단 상황 효과 상황 다르다 한약 건강 보험 적용 환자 좋다 안면 마비 생리통 한방 첩 약 처방 시범 사업 대상 문제 안면 마비 절반 단순 구안와사 뇌종양 질병 발생 한방 진단 의료 기술 장비 생리통 응급 수술 필요 자궁 임신 임신 초기 증세 있다 진맥 짚다 한약 처방 치료 시기 놓치다 정부 책임지다 코로나 감염증 대면 진료 요구 늘다 원격 의료 의사 많다 의협 감염병 비상 사태 대면 진료 찬성 일반 상황 환자 진료 과오 막다 있다 입장 변하다 개인 동네 의원 참여 만성 질환자 원격 관리 긍정 생각 최 회장 인터뷰 이날 인턴 레지던트 전공의 의대 정부 의대 정원 확대 공공 의대 설립 반발 집단행동 예고 대한 전공의 협의회 의료 무지 의료 공공 정치 이용 주장 전국 의과대학 의학 전문 대학원 학생 협회 이날 온라인 긴급 대의원 회의 열다 보건 복지부 최 회장 의협 주장 의협 소통 확대 입장 직접 비판 나오다
